LOC,CYCLO,LENGTH,VOLUME,DIFFICULTY,INT_FAN_IN,INT_FAN_OUT,NUM_OPERATORS,NUM_OPERANDS,BRANCH_COUNT,DEFECT_LABEL
0.779238754,0.47826087,0.274048443,0.544917975,0.564121158,0.222222222,0.444444444,0.736196319,0.807377049,0.642857143,0
0.595155709,0.608695652,0.742560554,0.758596645,0.450648872,0.222222222,0,0.576687117,0.200819672,0.142857143,0
0.89550173,0,0.96816609,0.754277257,0.672995806,1,0,0.116564417,0.020491803,0,1
0.78200692,0.565217391,0.164705882,0.017765711,0.584106002,0,1,0.615541922,0.481557377,0.5,0
0.757785467,0.217391304,0.560899654,0.126125242,0.526050058,0.555555556,0.222222222,0.656441718,0.655737705,0.857142857,1
0.722491349,0.173913043,0.324567474,0.659754083,0.248598613,0.111111111,1,0.049079755,0.524590164,0.642857143,0
0.083737024,0.434782609,0.181314879,0.161508063,0,0,0.222222222,0.147239264,0.81352459,0.642857143,0
0.322491349,0.130434783,0.823529412,0.255426169,0.172822834,0.111111111,0.777777778,0.760736196,0.829918033,0.071428571,0
0.856747405,0.52173913,0,0.946898949,0.11555547,0.555555556,0.888888889,0.838445808,0.842213115,0,0
0.228373702,0.434782609,0.129065744,0.560259756,0.449040071,0.333333333,0,0.261758691,0.68647541,0.928571429,1
0.060207612,0.086956522,0.809342561,0.75089748,0.612933904,0.555555556,0.111111111,0.175869121,0.979508197,0.5,1
0.966089965,0,0.997577855,0.558057191,0.211998371,0.888888889,1,0.672801636,0.272540984,0.428571429,1
0.77716263,0.217391304,0.190657439,0.552587471,0.9411757,1,0.111111111,0.869120654,0.450819672,0.428571429,0
0.602768166,0.739130435,0.81799308,0.094008126,0.004684202,1,0.333333333,0.889570552,0.31557377,0.214285714,0
0.089965398,1,0.52733564,0.343637882,0.773683374,0.777777778,0.111111111,0.310838446,0.286885246,0.714285714,0
0.921799308,0.391304348,0.640138408,0.282376514,0.625937683,0,0.666666667,0.370143149,0.87295082,0.571428571,1
0.532179931,0.173913043,0.131141869,0.390725403,0.373176654,0.777777778,0.888888889,0.253578732,0.319672131,0.357142857,0
0.237370242,0.956521739,0.569204152,0.79853477,0.048684429,0.888888889,0.666666667,0.134969325,0.948770492,0.071428571,0
0.994463668,0.391304348,0.004152249,0.37192078,0.62822956,0.555555556,0.555555556,0.010224949,0.848360656,0.928571429,0
0.557093426,0.47826087,0.173702422,0.451722805,0.385288607,1,1,0.253578732,0.663934426,0,0
0.266435986,0.043478261,0.787889273,0.397381586,0.938373426,0.444444444,0,0.6400818,0.756147541,0,0
0.84083045,0.52173913,0.694463668,0.093263835,0.542355587,0.555555556,1,0.664621677,0.700819672,0.571428571,0
0.660899654,0.304347826,0.044290657,0.441093099,0.94177274,0.555555556,0.888888889,0.106339468,0.532786885,0.214285714,1
0.19100346,0.043478261,0.289273356,0.195513663,0.219429722,0.888888889,0.444444444,0.132924335,0.575819672,0.285714286,1
0.819377163,0.826086957,0.705536332,0.186623467,0.726902635,0.333333333,0.444444444,0.6400818,0.68852459,0.142857143,0
0.317647059,0,0.00899654,0.093892266,0.617946809,0.111111111,0.555555556,0.165644172,0.700819672,0.214285714,0
0.925259516,0.173913043,0.730795848,0.35665184,0.740645364,0.888888889,0.888888889,0.175869121,0.465163934,0.785714286,0
0.014532872,0.347826087,0.432871972,0.757653064,0.213588215,0.111111111,0.777777778,0.00204499,0.766393443,0.5,1
0.174394464,0.695652174,0.089619377,0.276384462,0.665903106,1,0.777777778,0.415132924,0.569672131,0.857142857,1
0.516955017,0.347826087,0.707612457,0.312308923,0.498211863,0.888888889,0.777777778,0.304703476,0.729508197,0.214285714,1
0.592387543,0.434782609,0.50899654,0.642791324,0.744077194,0.111111111,0,0.597137014,0.590163934,0.571428571,1
0.328027682,0.608695652,0.500346021,0.195745313,0.32646115,0.777777778,0,0.824130879,0.340163934,0.571428571,0
0.748788927,1,0.158477509,0.897195336,0.891959289,0.888888889,0.777777778,0.208588957,0.092213115,0.357142857,1
0.352941176,0.217391304,0.103460208,0.520249031,0.082646084,1,0.444444444,0.047034765,0.944672131,0.071428571,0
0.483737024,0.956521739,0.807266436,0.447626982,0.808725713,0.888888889,0.888888889,0.750511247,0.411885246,0.785714286,0
0.674740484,0.086956522,0.217301038,0.557896568,0.863095011,1,0.111111111,0.431492843,0.43442623,0.642857143,1
0.130795848,0.695652174,0.092733564,0.165924661,0.818833135,0.888888889,0.888888889,0.130879346,0.5,0.714285714,0
0.662283737,0.173913043,0.912802768,0.613575939,0.512962704,0.111111111,0.777777778,0.916155419,0.045081967,0.428571429,0
0.474740484,0.47826087,0.689273356,0.363084655,0.438293065,0.333333333,0.888888889,0.425357873,0.653688525,0.571428571,0
0.662283737,0.739130435,0.562975779,0.897423855,0.998633457,0.666666667,0.333333333,0.511247444,0.557377049,0.357142857,0
0.388927336,0.565217391,0.62283737,0.168745893,0.228156339,0.111111111,0,0.785276074,0.086065574,0.142857143,1
0.876816609,0.869565217,1,0.507103373,0.54726305,0,0,0.237218814,0.676229508,0.928571429,0
0.575086505,1,0.297577855,0.598208137,0.671609197,0.222222222,0.444444444,0.235173824,0.637295082,1,0
0.798615917,0.434782609,0.442560554,0.033210964,0.701934609,0.333333333,0.111111111,0.482617587,0.739754098,0.428571429,0
0.447058824,0.347826087,0.753979239,0.363677325,0.202898026,0.777777778,0.777777778,0.975460123,0.31557377,0.285714286,0
0.01384083,0.043478261,0.622145329,0.732794616,0.654854114,0.555555556,1,0.212678937,0.995901639,0,0
0.581314879,0.47826087,0.589965398,0.820578551,0.819955323,0.111111111,0.444444444,0.527607362,0.774590164,0.142857143,0
0.114878893,0.086956522,0.885467128,0.313122202,0.048211984,0.888888889,0.444444444,0.09202454,0.403688525,0.285714286,0
0.897577855,0.086956522,0.816262976,0.798783972,0.913518324,0.111111111,0.111111111,0.63394683,0.829918033,0.428571429,1
0.267820069,0,0.198615917,0.968026899,0.027606889,0.444444444,0.666666667,0.674846626,0.956967213,0.142857143,1
0.415224913,0.304347826,0.692733564,0.857092309,0.355515252,0.333333333,0.777777778,0.439672802,0.327868852,0.357142857,0
0.21799308,0.913043478,0.451903114,0.117511359,0.013855583,0.666666667,1,0.959100204,0.805327869,0.285714286,0
0.00899654,0.304347826,0.676470588,0.739893082,0.075458343,0.777777778,0,0.914110429,0.959016393,0.857142857,0
0.166782007,0.434782609,0.94567474,0.319630128,0.913163757,0.444444444,0.111111111,0.613496933,0.475409836,0,1
0.537024221,0.347826087,0.698615917,0.988696821,0.354400148,1,1,0.836400818,0.329918033,0.642857143,0
0.947404844,0.173913043,0.765051903,0.485400953,0.424619511,0.444444444,0.333333333,0.678936605,0.233606557,0.357142857,1
0.390311419,0.565217391,0.81349481,0.122303544,0.214267719,0.111111111,0.444444444,0.916155419,0.18647541,0.928571429,1
0.620761246,0.086956522,0.572318339,0.725341392,0.59770458,0.777777778,0.111111111,0.047034765,0.081967213,0.5,1
0.943252595,0.869565217,0.546020761,0.322976082,0.595401902,0.111111111,0,0.934560327,0.577868852,0.857142857,1
0.062975779,0.173913043,0.638754325,0.997363101,0.371816265,1,0.888888889,0.069529652,0.772540984,0.857142857,0
0.961937716,0.173913043,0.761937716,0.98005919,0.332477825,0.555555556,0,0.047034765,0.426229508,0,0
0.660899654,0.782608696,0.480622837,0.656257075,0.886844087,0.777777778,0.333333333,0.055214724,0.418032787,0.071428571,1
0.351557093,0.565217391,0.602422145,0.129699604,0.382949049,0.555555556,0.111111111,0.987730061,0.950819672,0.928571429,0
0.53633218,0.130434783,0.665743945,0.686998645,0.49365242,0.333333333,0.333333333,0.946830266,0.446721311,1,0
0.023529412,0.52173913,0.21384083,0.09288617,0.282528152,0.333333333,0.777777778,0.99591002,0.569672131,0.214285714,0
0.141868512,0.391304348,0.440484429,0.029189613,0.788215742,0.555555556,0.777777778,0.030674847,0.274590164,0.785714286,0
0.764013841,0.739130435,0.330449827,0.823160715,0.397175502,0.333333333,0.888888889,0.118609407,0.213114754,0.071428571,1
0.976470588,0.304347826,0.670588235,0.209664054,0.513851262,0.777777778,0.444444444,0.948875256,0.237704918,0.714285714,0
0.709342561,0.304347826,0.823529412,0.379018607,0.252448338,0.888888889,0.666666667,0.494887526,0.481557377,0.571428571,0
0.706574394,0.260869565,0.334602076,0.973731119,0.989992781,0,0.222222222,0.893660532,0.629098361,0.642857143,1
0.977854671,0.304347826,0.884775087,0.336811952,0.290755295,0.333333333,1,0.421267894,0.930327869,0.5,1
0.39100346,0.565217391,0.455017301,0.296442072,0.772118009,0.333333333,0.333333333,0.81595092,0.790983607,0.5,0
0.781314879,0.782608696,0.360553633,0.918455495,0.427355658,0.111111111,1,0.552147239,0.969262295,0.214285714,0
0.485813149,0.217391304,0.096885813,0.110612542,0.205100446,0.555555556,0.888888889,0.507157464,0.200819672,0.285714286,0
0.277508651,0,0.983737024,0.759754587,0.801222175,0.222222222,1,0.983640082,0.530737705,0.214285714,0
0.50449827,0.956521739,0.749134948,0.988346232,0.333052268,0.666666667,1,0.54396728,0.981557377,0.857142857,0
0.111418685,0.608695652,0.365743945,0.901535476,0.866985835,0.444444444,0,0.392638037,0.620901639,0.571428571,0
0.139100346,0,0.067820069,0.651788855,0.91727071,0.333333333,0.111111111,0.683026585,0.721311475,0.857142857,1
0.688581315,0.695652174,0.875778547,0.314021429,0.861592616,0.444444444,0.444444444,0.443762781,0.581967213,0.071428571,0
0.18615917,0,0.374048443,0.25425425,0.033135049,0.777777778,0.222222222,0.233128834,0.668032787,0.857142857,0
0.564013841,0.608695652,0.997577855,0.819455615,0.78882225,0.222222222,0.111111111,0.137014315,0.206967213,0.714285714,0
0.89550173,0.956521739,0.409342561,0.880051183,0.411128143,0.666666667,0,0.609406953,0.125,0.5,0
0.314878893,0.043478261,0.348442907,0.525495911,0.875553067,0.555555556,1,0.662576687,0.354508197,0.071428571,1
0.882352941,0.565217391,0.947058824,0.244267469,0.638743467,0,0.222222222,0.985685072,0.573770492,0,0
0.703114187,0.869565217,0.424913495,0.112808347,0.835296325,0.666666667,0,0.809815951,0.899590164,0.642857143,0
0.204152249,0.304347826,0.357785467,0.087032373,0.499609383,0.666666667,0,0.803680982,0.596311475,0.142857143,0
0.497577855,0.304347826,0.168858131,0.719230391,0.535360268,0,0,0.151329243,0.459016393,0.571428571,1
0.233217993,0.782608696,0.094809689,0.42012972,0.142997689,0.888888889,0.777777778,0.950920245,0.010245902,0.785714286,0
0.607612457,0.260869565,0.947750865,0.905601269,0.785421314,0.555555556,0.222222222,0.983640082,0.256147541,0.142857143,0
0.744636678,0.782608696,0.791695502,0.739834023,0.41921383,0.111111111,0,0.208588957,0.864754098,0.571428571,0
0.547404844,0.217391304,0.428373702,0.191162743,0.500260594,0.444444444,0.666666667,0.605316973,0.18442623,0.428571429,1
0.149480969,0.217391304,0.440484429,0.613880364,0.786536572,0.333333333,1,1,0.862704918,0.857142857,0
0.528027682,0.086956522,0.042906574,0.435523752,0.599461934,0.666666667,0.222222222,0.36196319,0.385245902,0.642857143,0
0.129411765,0.260869565,0.074394464,0.577335332,0.199959169,0.777777778,0.777777778,0.437627812,0.731557377,0,0
0.262283737,0.782608696,0.417647059,0.738231085,0.590811167,0,0.333333333,0.928425358,0.971311475,0.642857143,0
0.340484429,0.304347826,0.430795848,0.806390191,0.407405169,0.444444444,0.333333333,0.642126789,0.942622951,0.285714286,1
0.73633218,0.391304348,0.879238754,0.843949461,0.469571116,0.222222222,0.444444444,0.077709611,0.104508197,0.571428571,1
0.816608997,0.826086957,0.855709343,0.253906978,0.026408842,0,0.555555556,0.527607362,0.491803279,0.785714286,0
0.009688581,0.608695652,0.317301038,0.030941885,0.208929221,0.222222222,0.666666667,0.415132924,0.991803279,1,0
0.044290657,0.608695652,0.455363322,0.739457279,0.280251464,0.555555556,0.333333333,0.012269939,0.266393443,1,0
0.359861592,0,0.760207612,0.106205731,0.71408037,0.666666667,0.777777778,0.098159509,1,0.142857143,0
0.946020761,0.826086957,0.84083045,0.31488063,0.009515784,0.777777778,0.555555556,0.051124744,0.950819672,0.571428571,0
0.797231834,0.260869565,0.574394464,0.003630458,0.408554625,0.333333333,0,0.327198364,0.741803279,0.285714286,0
0.447750865,0.130434783,0.105882353,0.681804664,0.926079114,0.222222222,0,0.72801636,0.225409836,0.571428571,0
0.751557093,0.217391304,0.469896194,0.16702288,0.110347151,0.444444444,0.888888889,0.357873211,0.834016393,0.642857143,0
0.804152249,0,0.680968858,0.655405062,0.516677025,0.888888889,1,0.159509202,0.010245902,0.357142857,1
0.409688581,0.173913043,0.966089965,0.992025028,0.78796753,0.555555556,0.555555556,0.00204499,0.467213115,0.571428571,1
0.270588235,0.956521739,0.307958478,0.072516888,0.944665251,0.888888889,1,0.99795501,0.31557377,0.428571429,1
0.289273356,0,0.129065744,0.076926121,0.748046306,0.555555556,0.777777778,0.781186094,0.399590164,0.428571429,0
0.199307958,0.130434783,0.703114187,0.340353223,0.72171949,0.111111111,0.666666667,0.928425358,0.657786885,0.5,1
0.261591696,0.913043478,0.471626298,0.866609404,0.82810969,0.444444444,0.555555556,0.848670757,0.741803279,0.428571429,0
0.15916955,0.043478261,0.043944637,0.215443718,0.446143816,0.888888889,0.333333333,0.267893661,0.452868852,0.785714286,0
0.703806228,0.391304348,0.350519031,0.360360446,0.807374989,0.777777778,0.666666667,0.562372188,0.74795082,0.571428571,1
0.027681661,0.173913043,0.622145329,0.068349445,0.005972139,0.666666667,0.888888889,0.237218814,1,0.714285714,0
0.72733564,0.391304348,0.939446367,0.763329164,0.926615658,0,1,0.333333333,0.508196721,0.571428571,0
0.092733564,0,0.477508651,0.408311726,0.443236324,0.333333333,1,0.586912065,0.823770492,0.357142857,0
0.138408304,0.913043478,0.178200692,0.759420751,0.553795989,0.666666667,0.666666667,0.055214724,0.165983607,0.428571429,0
0.539100346,0.217391304,0.524913495,0.903848407,0.253980151,0.666666667,0,0.678936605,0.487704918,0.071428571,0
0.642906574,0.52173913,0.029065744,0.232685179,0.743781753,0.555555556,1,0,0.774590164,1,0
0.730795848,0.608695652,0.414186851,0.80759091,0.074946732,0.777777778,0.888888889,0.382413088,0.805327869,0.571428571,1
0.741176471,0.130434783,0.815570934,0.05893346,0.87446115,0.555555556,0.333333333,0.112474438,0.733606557,0.785714286,0
0.347404844,0.52173913,0.394809689,0.899085691,0.82974562,1,0.222222222,0.069529652,0.657786885,0.857142857,0
0.280968858,1,0.855709343,0.650889057,0.214986614,0.222222222,0.333333333,0.226993865,0.961065574,0,0
0.556401384,0.826086957,0.689273356,0.874453336,0.810870219,0.333333333,0.333333333,0.582822086,0.534836066,0,0
0.067820069,1,0.747404844,0,0.787802154,0.222222222,1,0.63190184,0.829918033,0.142857143,1
0.47266436,0.608695652,0.104152249,0.168972865,0.632980469,0,0.111111111,0.071574642,0.383196721,0.785714286,0
0.501730104,0.304347826,0.965397924,0.389755964,0.373141877,1,0,0.895705521,0.928278689,0.357142857,0
0.664359862,0.173913043,0.202768166,0.37949461,0.270670019,0.444444444,1,0.441717791,0.745901639,0.285714286,0
0.423529412,0.608695652,0.34083045,0.22664955,0.230779509,0,0,0.161554192,0.590163934,1,1
0.444290657,0.130434783,0.644290657,0.381604648,0.317988224,0,0.777777778,0.6400818,0.737704918,0.071428571,1
0.711418685,0.47826087,0.118685121,0.128721403,0.905520317,0.111111111,0.111111111,0.167689162,0.821721311,0.571428571,0
0.858823529,0.52173913,0.280968858,0.412768628,0.075956138,0.333333333,1,0.130879346,0.114754098,0.928571429,0
0.347404844,0.043478261,0.687197232,0.802546815,0.830503399,0.555555556,0.444444444,0.662576687,0.014344262,0.857142857,0
0.530103806,0.782608696,0.985121107,0.479109046,0.348403031,0.777777778,0.333333333,0.259713701,0.618852459,0.642857143,0
0.274740484,0.782608696,0.452941176,0.017820147,0.521874881,0.222222222,0.777777778,0.625766871,0.231557377,0.928571429,0
0.602076125,0.130434783,0.691349481,0.421455663,0.79596594,0,0.111111111,0.042944785,0.426229508,0.214285714,1
0.549480969,0.130434783,0.579930796,0.02699943,0.886253731,0.222222222,1,0.439672802,0.079918033,0.214285714,0
0.271280277,0.434782609,0.458823529,0.966513714,0.344276236,0.222222222,0.888888889,0.216768916,0.618852459,0.285714286,1
0.142560554,0.173913043,0.377508651,0.127325988,0.461855138,0.444444444,0.666666667,0.220858896,0.350409836,1,0
0.7183391,0.826086957,0.832871972,0.707835862,0.414318766,0.333333333,0.666666667,0.758691207,0.475409836,0.5,0
0.616608997,0.434782609,0.348788927,0.973049728,0.011282108,0.333333333,0,0.72801636,0.571721311,0.642857143,0
0.597231834,0.391304348,0.242906574,0.826242783,0.295222077,0.888888889,0.111111111,0.36809816,0.758196721,0.214285714,0
0.51349481,0.304347826,0.198269896,0.699458936,0.459189172,0.666666667,0.333333333,0.72597137,0.155737705,0.285714286,0
0.874740484,0.217391304,0.556055363,0.839671014,0.4108812,0.333333333,0.333333333,0.333333333,0.217213115,0.785714286,0
0.389619377,0.217391304,0.384429066,0.982076383,0.72308919,0.222222222,0.222222222,0.137014315,0.571721311,0.214285714,0
0.705882353,0.304347826,0.237370242,0.621451036,0.384475135,0.555555556,0.666666667,0.595092025,0.821721311,0.928571429,0
0.065743945,0.956521739,0.978200692,0.55926183,0.489509667,0.222222222,0.777777778,0.36605317,0.075819672,0.357142857,0
0.334948097,0.608695652,0.910380623,0.628347922,0.429477929,0.555555556,0.111111111,0.36809816,0.239754098,0.785714286,0
0.989619377,0.565217391,0.911764706,0.532740323,0.74186866,0.888888889,0.333333333,0.950920245,0.682377049,0.142857143,0
0.15916955,0.434782609,0.168512111,0.63520217,0.864755081,0.555555556,0.222222222,0.885480573,0.68442623,0.5,0
0.517647059,0.47826087,0.465743945,0.449867313,0.532209994,0.333333333,0.111111111,0.946830266,0.051229508,0.357142857,0
0.826297578,0.52173913,0.170242215,0.218358415,0.790890189,0.444444444,0.555555556,0.343558282,0.209016393,0.642857143,0
0.373702422,0.304347826,0.576470588,0.120115833,0.296069596,0.555555556,0.333333333,0.8200409,0.147540984,0.285714286,1
0.732871972,0.739130435,0.566089965,0.068184896,0.541732383,0.222222222,0.555555556,0.042944785,0.387295082,0.857142857,1
0.362629758,0,0.005882353,0.263252323,0.34472675,0.777777778,0.111111111,0.132924335,0.659836066,1,0
0.818685121,0.608695652,0.84532872,0.045956976,0.414002236,0.333333333,0.333333333,0.040899796,0.297131148,0.071428571,0
0.876124567,0.304347826,0.34567474,0.567251595,0.733620118,0.777777778,0.555555556,0.202453988,0.518442623,0.642857143,0
0.767474048,0.434782609,0.293771626,0.283774726,0.883527683,1,0.444444444,0.783231084,0.577868852,0.642857143,1
0.399307958,0.47826087,0.479930796,0.824737825,0.120004376,1,0.222222222,0.611451943,0.432377049,0.428571429,0
0.471280277,0.47826087,0.46816609,0.074087635,0.635413824,0.222222222,0.777777778,0.208588957,0.24795082,0.071428571,0
0.384775087,0.130434783,0.47266436,0.226270482,0.582686603,1,0.666666667,0.09406953,0.418032787,0,1
0.700346021,0.652173913,0.283737024,0.730404394,0.116910424,0.666666667,0.222222222,0.077709611,0.850409836,0.428571429,0
0.446366782,0.130434783,0.156747405,0.598904134,0.210802436,0.888888889,0.555555556,0.580777096,0.487704918,0.285714286,0
0.55017301,0.173913043,0.561591696,0.064333404,0.310348173,0.333333333,0.333333333,0.63190184,0.803278689,0,0
0.72733564,1,0.958823529,0.8774675,0.165640659,0.777777778,0.444444444,0.18200409,0.69057377,1,0
0.943252595,0.173913043,0.24532872,0.877489816,0.242778144,0.222222222,0.444444444,0.171779141,0.581967213,0.214285714,1
0.937024221,0.304347826,0.757439446,0.330376399,0.266754854,0.666666667,0.666666667,0.556237219,0.040983607,0.785714286,1
0.948788927,0.391304348,0.316608997,0.340378986,0.335128438,0.222222222,0.444444444,0.685071575,0.526639344,0.857142857,0
0.867820069,0.695652174,0.994463668,0.989309481,0.750671659,0.666666667,0.222222222,0.382413088,0.727459016,0.214285714,0
0.130795848,0.347826087,0.917301038,0.626285004,0.572409825,1,1,0.323108384,0.211065574,0.642857143,0
0.86366782,0.913043478,0.517301038,0.531380312,0.988573623,1,0.444444444,0.494887526,0.950819672,0.428571429,0
0.974394464,0.782608696,0.497923875,0.838361667,0.414539499,0.555555556,0.666666667,0.147239264,0.93647541,0.571428571,0
0.968858131,0.565217391,0.104844291,0.285237311,0.755166036,0.111111111,0.444444444,0.977505112,0.881147541,0.071428571,0
0.903806228,0.304347826,0.253979239,0.429197889,0.873288614,0.222222222,0.444444444,0.942740286,0.524590164,0.785714286,0
0.437370242,0.347826087,0.808650519,0.267715332,0.679948823,0.555555556,0.888888889,0.098159509,0.413934426,0.928571429,0
0.433910035,0.913043478,0.678892734,0.789347068,0.411655736,0.333333333,0.222222222,0.204498978,0.631147541,0,0
0.67266436,0.434782609,0.743252595,0.573433095,0.754894399,0.555555556,0.555555556,0.00204499,0.532786885,0.071428571,0
0.887197232,0.956521739,0.694809689,0.658949405,0.202538919,0,0,0.496932515,0.215163934,0.428571429,0
0.956401384,0,0.999307958,0.252238562,0.326970912,1,1,0.357873211,0.510245902,0.857142857,0
0.490657439,0.565217391,0.332179931,0.22014138,0.547071497,0,0.444444444,0.484662577,0.864754098,0.642857143,0
0.992387543,0.173913043,0.35467128,0.48841803,0.575922449,0.222222222,0.777777778,0.811860941,0.448770492,0.357142857,0
0.448442907,0.869565217,0.737370242,0.737727472,0.020211803,0.777777778,0.444444444,0.118609407,0.772540984,0.214285714,0
0.219377163,0.565217391,0.821453287,0.525300663,0.947259535,0.777777778,0.888888889,0.719836401,0.450819672,0,0
0.86366782,0.130434783,0.990311419,0.032472689,0.697675523,0.333333333,0.555555556,0.200408998,0.524590164,0.857142857,0
0.869896194,0.913043478,0.509342561,0.868775424,0.495864904,0.555555556,0.777777778,0.901840491,0.407786885,0,0
0.47266436,0.956521739,0.865051903,0.064529119,0.935219657,0.777777778,1,0.732106339,0.74795082,0.285714286,0
0.458823529,0,0.673356401,0.95608984,0.439006788,0.666666667,0.777777778,0.901840491,0.524590164,1,1
0.966782007,0.913043478,0.925605536,0.024965407,0.982736865,0.666666667,0.222222222,0.887525562,0.711065574,0,0
0.869204152,0.956521739,0.406920415,0.694591707,0.512519117,0.333333333,0.666666667,0.955010225,0.456967213,0.785714286,0
0.78615917,0.782608696,0.229411765,0.082057608,0.112762924,0.888888889,0.666666667,0.00204499,0.409836066,1,0
0.305190311,0.304347826,0.003460208,0.910920499,0.766150218,1,1,0.494887526,0.459016393,0.428571429,0
0.389619377,0.608695652,0.399653979,0.46446527,0.679867699,0.555555556,0.555555556,0.605316973,0.479508197,0.857142857,0
0.893425606,0.869565217,0.10449827,0.137400585,0.774372108,0.222222222,0.666666667,0.429447853,0.370901639,0.714285714,0
0.975086505,0.608695652,0.609688581,0.340789037,0.953615314,0.444444444,0.111111111,0.249488753,0.405737705,0,0
0.975778547,0.347826087,0.978892734,0.164714449,0.777890153,0.444444444,0.888888889,0.466257669,0.727459016,0,0
0.78615917,0.869565217,0.014186851,0.170474418,0.612008287,0.444444444,1,0.165644172,0.5,0.071428571,0
0.658131488,0.347826087,0.325951557,0.948370013,0.85906658,0.777777778,1,0.292433538,0.905737705,0.857142857,0
0.764013841,0.391304348,0.826643599,0.445269035,0.674191462,0.888888889,0,0.791411043,0.719262295,0.928571429,1
0.483044983,0.826086957,0.466435986,0.788988315,0.407893515,0.888888889,0,0.284253579,0.223360656,0.714285714,0
0.077508651,0.869565217,0.880276817,0.63972077,0.887502437,0.555555556,0.222222222,0.057259714,0.008196721,0.785714286,1
0.000692042,0.347826087,0.833910035,0.676559055,0.220852744,0.555555556,0.222222222,0.797546012,0.479508197,0.642857143,1
0.443598616,0.086956522,0.307612457,0.13156748,0.71576906,0.888888889,0,0.550102249,0.256147541,0.142857143,0
0.151557093,0.826086957,0.855709343,0.234107153,0.883428219,0.333333333,0.666666667,0.503067485,0.209016393,0.857142857,0
0.59100346,0.434782609,0.347058824,0.786935412,0.732517928,0.555555556,0.333333333,0.022494888,0.481557377,0.714285714,0
0.86366782,0.217391304,0.006574394,0.971038657,0.698326532,0.333333333,1,0.72392638,0.821721311,1,1
0.265743945,0.043478261,0.140138408,0.262611877,0.75393384,0,0.111111111,0.793456033,0.979508197,0,1
0.986851211,0.260869565,0.922145329,0.271509222,0.465081085,0.666666667,1,0.687116564,0.31352459,1,0
0.797923875,0.739130435,0.350519031,0.472933185,0.876002806,1,0.444444444,0.214723926,0.522540984,0.571428571,1
0.744636678,0.043478261,0.115570934,0.984118972,0.202307238,0.555555556,0.555555556,0.063394683,0.477459016,0.642857143,0
0.50449827,0.695652174,0.635640138,0.268898164,0.12592141,0.888888889,0.888888889,0.149284254,0.588114754,0.5,0
0.995847751,0.434782609,0.396539792,0.406976659,0.284741901,0.666666667,0.333333333,0.347648262,0.077868852,0.285714286,1
0.170242215,0.47826087,0.846020761,0.89171482,0.531896936,0.666666667,0.111111111,0.687116564,0.586065574,0.857142857,1
0.577854671,0.782608696,0.982352941,0.002733931,0.510788549,0.111111111,0.444444444,0.139059305,0.399590164,0.714285714,0
0.139792388,0.913043478,0.63183391,0.039596358,0.822194356,0.888888889,0.222222222,0.613496933,0.555327869,0.071428571,1
0.835294118,1,0.246712803,0.604170014,0.404327439,1,0.111111111,0.738241309,0.778688525,0.285714286,1
0.084429066,0.260869565,0.016955017,0.907622519,0.484455427,0.888888889,0,0.278118609,0.536885246,0.357142857,1
0.276816609,0.826086957,0.111418685,0.238781585,0.011399273,0.555555556,1,0.883435583,0.112704918,0.928571429,1
0.530103806,0.217391304,0.272318339,0.469676281,0.409520848,0.222222222,0.111111111,0.850715746,0.606557377,1,1
0.202768166,0.869565217,0.048096886,0.450490703,0.648606793,0,0.555555556,0.987730061,0.196721311,0,0
0.193079585,1,0.161937716,0.473007434,0.013549372,0.333333333,0.777777778,0.202453988,0.276639344,0.714285714,1
0.611072664,0,0.271626298,0.622626792,0.280094658,0.222222222,0.222222222,0.296523517,0.766393443,0.214285714,0
0.13633218,0.695652174,0.631141869,0.469778318,0.206847078,0,0.888888889,0.016359918,0.174180328,0.571428571,1
0.678892734,0.434782609,0.469204152,0.447492119,0.040143369,0.222222222,0.888888889,0.124744376,0.854508197,0.071428571,0
0.519723183,0.913043478,0.662629758,0.474325133,0.479348643,0.333333333,0.111111111,0.376278119,0.491803279,0.285714286,0
0.098961938,0.739130435,0.332871972,0.590959508,0.180498191,0.777777778,0.777777778,0.057259714,0.403688525,0,0
0.420761246,0.869565217,0.128373702,0.537073982,0.744334891,0.888888889,1,0.777096115,0.944672131,0.214285714,0
0.847058824,0.695652174,0.878892734,0.85435307,0.849644143,0.222222222,0.444444444,0.231083845,0.891393443,0.214285714,0
0.793771626,0.260869565,0.585121107,0.049331867,0.545966568,0.555555556,0.333333333,0.942740286,0.631147541,0.357142857,1
0.128719723,0.695652174,0.967820069,0.833524259,0.984014252,1,1,0.834355828,0.168032787,0.642857143,1
0.933564014,0.826086957,0.407612457,0.844136837,0.450440051,0.444444444,0.444444444,0.290388548,0.491803279,0.571428571,0
0.320415225,0.347826087,0.808650519,0.284854813,0.513607354,0.555555556,0.333333333,0.795501022,0.571721311,0.142857143,1
0.949480969,0.695652174,0.577854671,0.462883238,0.991557822,0.333333333,0.777777778,0.243353783,0.657786885,0.571428571,1
0.456055363,0.826086957,0.035986159,0.438558227,0.230543316,1,0.333333333,0.345603272,0.512295082,0.357142857,0
0.528027682,0.913043478,0.498961938,0.218425098,0.944679947,0.555555556,1,0.319018405,0.385245902,0.428571429,0
0.660207612,0.913043478,0.939792388,0.396796765,0.040999258,0.666666667,0.555555556,0.683026585,0.895491803,0.785714286,1
0.278200692,0.304347826,0.581314879,0.044220359,0.446330305,0.888888889,0.111111111,0.711656442,0.87704918,0.642857143,0
0.947404844,0.695652174,0,0.277765499,0.068285155,1,0.444444444,0.529652352,0.307377049,0.071428571,1
0.101038062,0.260869565,0.911764706,0.816881464,0.73042696,0.666666667,0.555555556,0.165644172,0.983606557,0.714285714,1
0.810380623,0,0.930795848,0.284508929,0.609067694,0.555555556,0.444444444,0.492842536,0.614754098,0.642857143,1
0.597231834,0.52173913,0.739100346,0.818406681,0.707726697,0,0.111111111,0.899795501,0.56557377,0.928571429,0
0.337716263,0.956521739,0.120415225,0.53166339,0.37410634,0.111111111,0.666666667,0.883435583,0.280737705,0.357142857,0
0.642214533,0.782608696,0.444636678,0.880091965,0.369085805,0,0.333333333,0.349693252,0.356557377,0.357142857,0
0.380622837,1,0.367128028,0.574863983,0.043491939,0.888888889,0.777777778,0.470347648,0.012295082,0.071428571,0
0.233217993,0.782608696,0.762975779,0.029493821,0.349462553,1,0.666666667,0.423312883,0.600409836,0.071428571,0
0.602768166,0.695652174,0.815916955,0.675552422,0.931363877,1,0.666666667,0.151329243,0.477459016,0.928571429,0
0.442906574,0.52173913,0.153287197,0.044686376,0.378873432,0.888888889,0.888888889,0.550102249,0.329918033,0.071428571,0
0.326643599,0.652173913,0.811072664,0.450622483,0.833010851,0.666666667,0,0.789366053,0.096311475,0.642857143,1
0.103806228,0.304347826,0.328719723,0.929679517,0.844017029,0.111111111,1,0.231083845,0.614754098,0.785714286,0
0.995155709,0.782608696,0.011764706,0.165093893,0.372861625,0.555555556,0.555555556,0.124744376,0.073770492,0,0
0.914186851,0.739130435,0.382698962,0.389868983,0.632751546,0.333333333,0.555555556,0.738241309,0.274590164,0.285714286,0
0.181314879,0,0.510034602,0.730018373,0.093765248,0,0.555555556,0.652351738,0.631147541,0.5,0
0.098961938,0.565217391,0.621799308,0.882488982,0.102108903,0,0.555555556,0.206543967,0.858606557,0.071428571,0
0.238754325,0.782608696,0.638062284,0.671073093,0.046845063,0.444444444,1,0.875255624,0.444672131,0.857142857,1
0.431141869,0.608695652,0.486851211,0.258107351,0.581552905,0.111111111,0.666666667,0.738241309,0.709016393,1,0
0.703114187,0.739130435,0.413148789,0.674739682,0.425924695,0.333333333,1,0.427402863,0.602459016,0.285714286,1
0.60899654,0.043478261,0.483737024,0.296680045,0.548424546,0,0.555555556,0.901840491,0.06557377,0.785714286,0
0.000692042,0.913043478,0.590657439,0.718581866,0.521346353,0.333333333,0,0.519427403,0.717213115,0.5,1
0.620069204,0.695652174,0.478892734,0.954297633,0.349721744,0.555555556,0.222222222,0.038854806,0.157786885,0.642857143,1
0.9183391,0.739130435,0.901384083,0.721547495,0.6784371,1,0.111111111,0.116564417,0.479508197,0.928571429,1
0.175086505,0.217391304,0.756747405,0.863101727,0.759823315,0.333333333,0.555555556,0.226993865,0.780737705,0.285714286,1
0.312802768,0.782608696,0.449480969,0.001916353,0.012665414,0,0.777777778,0.965235174,0.555327869,0.071428571,1
0.733564014,0.130434783,0.95916955,0.717724354,0.206129866,0.666666667,0.222222222,0.63803681,0.325819672,0.142857143,1
0.818685121,0,0.429757785,0.829792973,0.714357448,0.111111111,1,0.991820041,0.354508197,1,0
0.701730104,0.304347826,0.179584775,0.040389507,0.386299711,0.888888889,0.777777778,0.940695297,0.745901639,0.357142857,0
0.005536332,0.956521739,0.624567474,0.871823091,0.663381452,0.222222222,0.777777778,0.398773006,0.62704918,0.714285714,0
0.869204152,0.260869565,0.002768166,0.256627623,0.346467106,0.777777778,0.444444444,0.764826176,0.762295082,0.714285714,0
0.776470588,0.086956522,0.339792388,0.665419507,0.390452947,0.777777778,0.777777778,0.942740286,0.946721311,0.285714286,0
0.564013841,0.391304348,0.838754325,0.800546415,0.157352028,0.222222222,0.555555556,0.719836401,0.448770492,0.714285714,0
0.143252595,0.391304348,0.57266436,0.662790671,0.257343706,0.333333333,0.444444444,0.18609407,0.014344262,0.214285714,1
0.798615917,0.782608696,0.574048443,0.092140122,0.606057283,0.111111111,0.888888889,0.104294479,0.588114754,0.214285714,1
0.278892734,0.565217391,0.943944637,0.596416176,0.433048141,0.333333333,0.666666667,0.597137014,0.905737705,0.285714286,0
0.10449827,0.043478261,0.910034602,0.549656121,0.775693879,0.888888889,0.777777778,0.014314928,0.227459016,0.071428571,0
0.036678201,0,0.760553633,0.90056027,0.854321776,0.111111111,0,0.611451943,0.973360656,0.571428571,1
0.79100346,0.956521739,0.248442907,0.404243182,0.542010413,0.222222222,0.111111111,0.198364008,0.415983607,0.071428571,0
0.433910035,0.956521739,0.370588235,0.321045064,0.75958769,0.333333333,0.777777778,0.480572597,0.825819672,0.642857143,1
0.405536332,0.739130435,0.296539792,0.75001832,0.306232099,0.444444444,0.888888889,0.793456033,0.37704918,0.071428571,0
0.998615917,0.260869565,0.455017301,0.412682784,0.414775926,0,0.333333333,0.762781186,0.694672131,0.642857143,0
1,0.304347826,0.55432526,0.646214466,0.713897233,0.666666667,1,0.139059305,0.399590164,0.928571429,0
0.071280277,0,0.016608997,0.646568549,0.385889729,1,1,0.846625767,0.540983607,0.571428571,1
0.175086505,0.956521739,0.937716263,0.888272235,0.589075815,0.666666667,0.888888889,0.08997955,0.532786885,0.928571429,0
0.865051903,0.086956522,0.891695502,0.598788185,0.184163789,0.888888889,0.333333333,0.278118609,0.504098361,0.142857143,0
0.785467128,1,0.04982699,0.502203554,0.600391937,0.333333333,1,0.476482618,0.231557377,1,0
0.352249135,0.956521739,0.315916955,0.138748776,0.863289949,0.555555556,1,0.063394683,0.243852459,0.642857143,0
0.067820069,0.304347826,0.505536332,0.115604072,0.870447344,0.111111111,1,0.588957055,0.284836066,0.428571429,1
0.105190311,0.913043478,0.791695502,0.154206351,0.725515032,0.333333333,0.888888889,0.255623722,0.129098361,0.214285714,1
0.63183391,0.608695652,0.200346021,0.17174159,0.747018527,0.111111111,0.666666667,0.134969325,0.56147541,0.857142857,0
0.606920415,0.173913043,0.94567474,0.637991481,0.558363323,1,0.111111111,0.059304703,0.637295082,0.857142857,0
0.233217993,0.086956522,0.547750865,0.741144595,0.58522203,0.444444444,0.888888889,0.231083845,0.485655738,0.357142857,0
0.56816609,0.782608696,0.166435986,0.530054685,0.132213233,0.666666667,0.333333333,0.415132924,0.614754098,0.928571429,1
0.820761246,0,0.43183391,0.829222878,0.443791443,0,0.777777778,0.057259714,0.799180328,0.214285714,1
0.661591696,0.608695652,0.232179931,0.99154541,0.450739078,1,0.666666667,0.265848671,0.016393443,0.642857143,0
0.110726644,0.304347826,0.217647059,0.820213499,0.960702273,1,0.666666667,0.967280164,0.932377049,1,1
0.553633218,0.043478261,0.936678201,0.695023829,0.430962726,0.666666667,0.777777778,0.376278119,0.75204918,0.428571429,0
0.274740484,0.086956522,0.228373702,0.532557049,0.54974062,1,0,0.515337423,0.473360656,0,1
0.899653979,1,0.98650519,0.448877707,0.533578329,0.555555556,0.444444444,0.582822086,0.395491803,0.142857143,1
0.564013841,0.565217391,0.852941176,0.084243963,0.637545656,0.555555556,0.111111111,0.801635992,0.805327869,0.857142857,1
0.979238754,1,0.341176471,0.399369888,0.749508927,0.777777778,0.111111111,0.836400818,0.020491803,0.142857143,1
0.801384083,0.565217391,0.534602076,0.910378299,0.22400803,0.777777778,0,0.787321063,0.803278689,0,0
0.842906574,0.434782609,0.224221453,0.808217807,0.529031362,0.555555556,0.444444444,0.124744376,0.834016393,0.357142857,1
0.276816609,0.652173913,0.334602076,0.215965462,0.827536789,0.222222222,0.111111111,0.00408998,0.358606557,1,0
0.442214533,0.130434783,0.912110727,0.466640851,0.463131983,0.444444444,0.333333333,0.877300613,0.358606557,0.857142857,0
0.730795848,0.826086957,0.380276817,0.816922511,0.277659535,0.111111111,0.222222222,0.137014315,0.44057377,0.714285714,0
0.475432526,0.173913043,0.884083045,0.067228061,0.655572254,0.444444444,0.222222222,0.049079755,0.018442623,0.928571429,1
0.317647059,0.913043478,0.151903114,0.387388039,0.825376984,0.888888889,0.111111111,0.36400818,0.909836066,0.571428571,0
0.660207612,0.869565217,0.31799308,0.85205722,0.061391634,1,0.555555556,0.286298569,0.237704918,0.5,0
0.324567474,0.565217391,0.265743945,0.403901154,0.778192664,0,0.111111111,0.470347648,0.331967213,0.714285714,0
0.967474048,0.956521739,0.464359862,0.077463009,0.823248163,1,0.777777778,0.611451943,0.075819672,0.428571429,0
0.723183391,0.652173913,0.631487889,0.542603486,0.461533169,0.444444444,0.777777778,0.331288344,0.104508197,0.642857143,0
0.5183391,0.739130435,0.090311419,0.861963179,0.985619623,0.555555556,0.444444444,0.63394683,0.442622951,0.5,1
0.025605536,0.260869565,0.54532872,0.590377334,0.788154309,0.666666667,1,0.961145194,0.418032787,0.357142857,1
0.158477509,0.391304348,0.928373702,0.226198061,0.775050935,0.888888889,0.666666667,0.801635992,0.993852459,0.571428571,0
0.960553633,0.260869565,0.866782007,0.384233576,0.749112929,0.555555556,0.333333333,0.263803681,0.635245902,0.142857143,1
0.388927336,0,0.344982699,0.4501486,0.149245624,0.444444444,0,0.90797546,0.733606557,1,1
0.302422145,0.956521739,0.241522491,0.579352912,0.216162553,0.666666667,0.111111111,0.501022495,0.784836066,0.642857143,0
0.903806228,0.869565217,0.812456747,0.759523092,0.464011266,0,1,0.605316973,0.110655738,0.642857143,1
0.01799308,0.782608696,0.55432526,0.098732076,0.263142527,0.444444444,1,0.349693252,0.237704918,0.571428571,1
0.155709343,0.652173913,0.429065744,0.889885969,0.415046874,0.111111111,0.333333333,0.128834356,0.790983607,0.214285714,0
0.899653979,0.782608696,0.388927336,0.012127059,0.890359341,0.333333333,0,0.061349693,0.514344262,0.428571429,0
0.551557093,0.130434783,0.899653979,0.370039554,0.82593895,0.666666667,0.777777778,0.09406953,0.581967213,1,1
0.195847751,0.739130435,0.807612457,0.027244841,0.63079414,0.444444444,0.888888889,0.263803681,0.545081967,0.857142857,0
0.607612457,0.043478261,0.411418685,0.392972329,0.859881654,0.555555556,0.333333333,0.717791411,0.592213115,0.571428571,0
0.66366782,0,0.92283737,0.525873777,0.785205395,0.111111111,1,0.950920245,0.678278689,0.071428571,0
0.312802768,0.608695652,0.347404844,0.511735855,0.428851515,0.222222222,0.222222222,0.678936605,0.364754098,0.071428571,0
0.705190311,0.173913043,0.011764706,0.165518502,0.199925446,0.666666667,0.111111111,0.222903885,0.846311475,0.571428571,1
0.564013841,0.826086957,0.256747405,0.645858632,0.514443861,0.111111111,0.444444444,0.139059305,0.729508197,0.785714286,0
0.455363322,0.434782609,0.610034602,0.044611223,0.737451979,0.555555556,0.222222222,0.116564417,0.477459016,0.857142857,0
0.377854671,0.391304348,0.121453287,0.7620801,0.436319006,0.444444444,1,0.214723926,0.698770492,0.142857143,0
0.84083045,0.043478261,0.664705882,0.946905431,0.667688347,1,0.666666667,0.611451943,0.397540984,0.571428571,0
0.741868512,0.086956522,0.024567474,0.339741667,0.092716462,0,0.555555556,0.672801636,0.62704918,0.857142857,0
0.011072664,0.956521739,0.932179931,0.517296489,0.749279825,1,0,0.521472393,0.159836066,1,0
0.826989619,0.956521739,0.475778547,0.378901704,0.814274404,0.333333333,0.777777778,0.63599182,0.272540984,0.285714286,1
0.860207612,0.47826087,0.661937716,0.006525088,0.707931188,0.111111111,0.111111111,0.347648262,0.040983607,0.357142857,0
0.108650519,0.826086957,0.377854671,0.385869235,0.969506726,0.333333333,0.444444444,0.781186094,0.973360656,0.071428571,0
0.329411765,0.173913043,0.855017301,0.791907695,0.828274382,0,0.888888889,0.965235174,0.674180328,0.5,0
0.739792388,0.173913043,0.244290657,0.596083341,0.90505355,0.111111111,0.777777778,0.329243354,0.897540984,0.714285714,0
0.966089965,0.217391304,0.623875433,0.101119506,0.935665466,0.777777778,0.111111111,0.989775051,0.456967213,0.571428571,0
0.357785467,0.347826087,0.902076125,0.84735324,0.802858596,0.555555556,0.888888889,0.582822086,0.114754098,0.071428571,0
0.067820069,0.043478261,0.994463668,0.531149026,0.675208334,0.111111111,0.444444444,0.143149284,0.18647541,0.357142857,1
0.733564014,0.869565217,0.330103806,0.84193454,0.0037164,0.555555556,1,0.519427403,0.389344262,0.357142857,0
0.193079585,0.47826087,0.886851211,0.580308531,0.465854992,1,0.555555556,0.926380368,0.206967213,0.5,1
0.949480969,0.086956522,0.856055363,0.559765708,0.571656609,0.888888889,0.222222222,0.762781186,0.807377049,0.642857143,0
0.343252595,0.826086957,0.05467128,0.105120675,0.303345168,0.666666667,0.222222222,0.110429448,0.010245902,0.785714286,1
0.208304498,0.913043478,0.759515571,0.16725071,0.317481481,0.888888889,1,0.658486708,0.258196721,0.285714286,0
0.124567474,0.47826087,0.976470588,0.972298305,0.963375604,0.444444444,0.777777778,0.809815951,0.108606557,0.571428571,1
0.419377163,1,0.6,0.228406748,0.893620431,0.666666667,1,0.00408998,0.469262295,0,0
0.776470588,0.695652174,0.548096886,0.977727744,0.850900789,0.666666667,1,0.051124744,0.737704918,0.571428571,0
0.483737024,0.391304348,0.022491349,0.531976781,0.405776956,0.222222222,0.111111111,0.63803681,0.12295082,0.642857143,0
0.68650519,1,0.839792388,0.135665034,0.011731601,0.666666667,0.111111111,0.255623722,0.487704918,0.428571429,1
0.788235294,0.565217391,0.019377163,0.099160864,0.078549006,0,0.444444444,0.832310838,0.180327869,0.214285714,0
0.131487889,0.956521739,0.117647059,0.208774755,0.311547318,0.888888889,0.555555556,0.106339468,0.471311475,0.142857143,0
0.174394464,0.695652174,0.398615917,0.925888353,0.01378499,1,0.111111111,0.402862986,0.932377049,0.928571429,1
0.678200692,0.739130435,0.959515571,0.414158382,0.01519807,0.555555556,0.444444444,0.609406953,0.473360656,0.642857143,0
0.641522491,0.782608696,0.413148789,0.395433539,0.91862277,0.444444444,0.666666667,0.382413088,0.721311475,1,1
0.819377163,0.695652174,0.974394464,0.313166489,0.707248835,0.666666667,1,0.378323108,0.678278689,0.714285714,0
0.885121107,0.565217391,0.920415225,0.14694319,0.308292633,0.444444444,1,0.621676892,0.895491803,0.928571429,1
0.931487889,0.347826087,0.425951557,0.48789435,0.131202787,1,0.777777778,0.607361963,0.764344262,0.357142857,0
0.087889273,0.304347826,0.830449827,0.129921043,0.511867213,0.444444444,0.666666667,0.415132924,0.594262295,0.785714286,0
0.011764706,0.043478261,0.516608997,0.835688451,0.003342335,1,0.777777778,0.987730061,0.702868852,0.857142857,0
0.39100346,0.52173913,0.629757785,0.370384369,0.940529507,0.666666667,0.888888889,0.918200409,0.307377049,0,1
0.393771626,0.260869565,0.039446367,0.374793043,0.414619141,1,0.444444444,0.020449898,0.87295082,0.142857143,0
0.931487889,0.347826087,0.228373702,0.474043008,0.402083876,0.666666667,0.444444444,0.732106339,0.293032787,0.071428571,0
0.474048443,0.913043478,0.506574394,0.444150105,0.390290689,0.222222222,1,0.721881391,0.262295082,0.714285714,1
0.432525952,0.913043478,0.864705882,0.995141863,0.067606992,0.222222222,0.333333333,0.967280164,0.284836066,0.857142857,0
0.907266436,0.434782609,0.646020761,0.54545159,0.639113068,1,0.888888889,0.296523517,0.846311475,0.571428571,1
0.590311419,0.565217391,0.807266436,0.088055095,0.734212476,0.222222222,0.444444444,0.171779141,0.18647541,0.142857143,1
0.665051903,0.130434783,0.351211073,0.606977011,0.677083131,0.555555556,0.111111111,0.202453988,0.229508197,0.857142857,1
0.106574394,0.52173913,0.106920415,0.151467779,0.137019271,0.555555556,1,0.210633947,0.577868852,0.071428571,1
0.338408304,0.043478261,0.071280277,0.030763846,0.579368377,0.222222222,0.777777778,0.889570552,0.905737705,0.214285714,0
0.975086505,0.956521739,0.921799308,0.971014593,0.569971387,0.222222222,0.666666667,0.09202454,0.838114754,1,0
0.542560554,0.173913043,0.862283737,0.773717695,0.870217481,0.777777778,0.777777778,0.08793456,0.288934426,0.928571429,1
0.779930796,0.434782609,0.939792388,0.980385879,0.378774116,0.777777778,0.222222222,0.566462168,0.452868852,0.071428571,0
0.979930796,0.217391304,0.2183391,0.477916866,0.371098663,0.666666667,0.333333333,0.36809816,0.471311475,0,0
0.169550173,0.739130435,0.726989619,0.532321769,0.61923049,1,0.444444444,0.380368098,0.944672131,0.357142857,1
0.829757785,0.869565217,0.226643599,0.168228397,0.633840305,0.333333333,0.555555556,0.975460123,0.06352459,1,0
0.734948097,0.391304348,0.492041522,0.246836174,0.46932974,0.333333333,0,0.231083845,0.56147541,0.642857143,1
0.524567474,0.130434783,0.667820069,0.838758886,0.442988085,0.222222222,0.333333333,0.519427403,0.344262295,0.5,1
0.371626298,0.347826087,0.88615917,0.356166282,0.494301954,0.444444444,1,0.777096115,0.282786885,0.642857143,1
0.636678201,0.217391304,0.580622837,0.827019074,0.862819473,0.222222222,0.444444444,0.775051125,0.727459016,0.642857143,1
0.2816609,0.043478261,0.081314879,0.70916189,0.461175571,0.777777778,0.666666667,0.059304703,0.407786885,0.071428571,1
0.362629758,0.695652174,0.119723183,0.177066561,0.942054258,0.666666667,0.444444444,0.537832311,0.043032787,0.928571429,1
0.572318339,0.173913043,0.924913495,0.507498823,0.504201562,0.222222222,0,0.198364008,0.930327869,0.571428571,0
0.624221453,0.217391304,0.217301038,0.67752047,0.951364082,0.888888889,0.666666667,0.63803681,0.454918033,1,0
0.024221453,0.47826087,0.532525952,0.234960326,0.834481511,0.444444444,0.777777778,0.748466258,0.75,0.857142857,1
0.473356401,0.956521739,0.692733564,0.83089445,0.362004065,0.888888889,0.666666667,0.670756646,0.549180328,0.142857143,1
0.013148789,0.869565217,0.439446367,0.544897864,0.865427057,0.666666667,0.333333333,0.233128834,0.706967213,0.5,0
0.221453287,0.391304348,0.125259516,0.165132022,0.108521795,0.666666667,0.777777778,0.562372188,0.30942623,0.785714286,0
0.353633218,0.913043478,0.819031142,0.58307275,0.927103924,0.555555556,0.444444444,0.99591002,0.678278689,0.5,0
0.276124567,0.869565217,0.098269896,1,0.632404857,0.111111111,1,0.572597137,0.170081967,1,0
0.451903114,0.217391304,0.050865052,0.150404473,0.05260346,0.888888889,0.888888889,0.560327198,0.219262295,0.142857143,1
0.671972318,0.304347826,0.382698962,0.816956254,0.645073754,0.555555556,1,0.531697342,0.05942623,0.142857143,1
0.325259516,0.043478261,0.848442907,0.207218949,0.976521628,0.777777778,0.444444444,0.674846626,0.465163934,0.785714286,0
0.806920415,0.47826087,0.157093426,0.782571335,0.068081402,0,0,0.421267894,0.487704918,1,0
0.771626298,0.52173913,0.610726644,0.734738227,0.555109283,0.444444444,0.888888889,0.783231084,0.770491803,0.357142857,0
0.952941176,0.869565217,0.276124567,0.300443575,0.749068509,0,0.444444444,0.668711656,0.739754098,0,1
0.576470588,0.260869565,0.409342561,0.325789336,0.811808532,1,0.555555556,0.429447853,0.631147541,0.214285714,0
0.502422145,0.391304348,0.34982699,0.792709209,0.413627126,0.777777778,0.333333333,0.437627812,0.793032787,0,0
0.590311419,0.52173913,0.979238754,0.461476127,0.203040546,0.777777778,0.555555556,0.838445808,0.284836066,0.928571429,0
0.034602076,0.695652174,0.867128028,0.730976547,0.040501795,0,0.777777778,0.079754601,0.31557377,0.142857143,0
0.397231834,0.869565217,0.526643599,0.147865924,0.580258278,0.888888889,0.222222222,0.979550102,0.608606557,0.571428571,0
0.839446367,0.565217391,0.963321799,0.852774105,0.45288329,0.111111111,0.444444444,0.051124744,0.702868852,0.928571429,0
0.794463668,0.043478261,0.884083045,0.71103377,0.95090577,0.888888889,0.111111111,0.053169734,0.756147541,0.928571429,0
0.103114187,0.913043478,0.165743945,0.907184955,0.058845055,0,0.111111111,0.386503067,0.198770492,0.285714286,0
0.216608997,0.434782609,0.583044983,0.132246743,0.686394005,1,0.666666667,0.167689162,0.092213115,0.785714286,0
0.393771626,0,0.747404844,0.593107587,0.023049021,0.888888889,1,0.783231084,0.993852459,0.285714286,1
0.944636678,0.782608696,0.967128028,0.599216571,0.170163647,0.333333333,1,0.885480573,0.665983607,0.714285714,1
0.210380623,0.869565217,0.553633218,0.353440082,0.453554168,0.888888889,1,0.345603272,0.860655738,0.214285714,1
0.471280277,0.130434783,0.832871972,0.458495625,0.454853322,0.666666667,0.555555556,0.842535787,0.979508197,0.142857143,1
0.579238754,0.782608696,0.117301038,0.037811109,0.686700552,0.555555556,0.333333333,0.339468303,0.133196721,0.285714286,0
0.74532872,0.869565217,0.974394464,0.746025699,0.912204289,0.444444444,0.444444444,0.382413088,0.12295082,1,0
0.693425606,0.434782609,0.695155709,0.54939482,0.639826122,0.888888889,0,0.343558282,0.219262295,0.928571429,0
0.306574394,0.304347826,0.971280277,0.05757998,0.955717624,0.111111111,0.666666667,0.588957055,0.338114754,0.714285714,1
0.423529412,0.434782609,0.863321799,0.680890641,0.883480634,0.111111111,0.777777778,0.952965235,0.071721311,0.214285714,1
0.68650519,0.130434783,0.64532872,0.466815226,0.585052993,0.888888889,0.888888889,0.466257669,0.239754098,0.5,0
0.18200692,0.695652174,0.288235294,0.034289133,0.835445799,0.222222222,0.777777778,0.952965235,0.172131148,0.214285714,0
0.744636678,0.260869565,0.415916955,0.969879628,0.643387227,0.777777778,0.444444444,0.196319018,0.778688525,0.714285714,0
0.694117647,0.304347826,0.596539792,0.949374312,0.076877242,0.888888889,0.222222222,0.748466258,0.799180328,0.785714286,1
0.002768166,0.086956522,0.584083045,0.512957464,0.741806963,0.777777778,1,0.030674847,0.948770492,0.5,0
0.779238754,0.913043478,0.106920415,0.093528409,0.093300042,0.333333333,0.888888889,0.568507157,0.102459016,0.357142857,0
0.843598616,0.043478261,0.089965398,0.754791042,0.594678287,0,0.555555556,0.27402863,0.182377049,1,0
0.534948097,0.956521739,0.498615917,0.49197619,0.703715005,0.333333333,0.444444444,0.051124744,0.588114754,0.928571429,0
0.606228374,0.608695652,0.139792388,0.302402598,0.064793905,0.888888889,0.222222222,0.717791411,0.68647541,0.785714286,1
0.685813149,1,0.757439446,0.491463024,0.229786206,0.111111111,0.555555556,0.022494888,0.606557377,0.714285714,0
0.611072664,0.913043478,0.117647059,0.522503724,0.91768759,0.222222222,0.222222222,0.145194274,0.413934426,0.285714286,1
0.95017301,0.913043478,0.462975779,0.562790397,0.617008154,1,1,0.26993865,0.75,0.214285714,0
0.03183391,0.173913043,0.083737024,0.441244727,0.245345967,0.777777778,0.555555556,0.214723926,0.483606557,0.214285714,1
0.599307958,1,0.168858131,0.605854439,0.691701764,0.555555556,0.333333333,0.447852761,0.778688525,0.785714286,1
0.568858131,0,0.003460208,0.918982456,0.59738382,0.777777778,0.111111111,0.760736196,0.31352459,0.214285714,0
0.647058824,0.130434783,0.193425606,0.36225161,0.501762779,0.666666667,0.777777778,0.924335378,0.487704918,0.714285714,0
0.453287197,0.608695652,0.01384083,0.725872559,0.978469511,0.444444444,0.333333333,0.3599182,0.274590164,0.857142857,1
0.185467128,0.826086957,0.942560554,0.894688772,0.684443866,0.888888889,0.888888889,0.574642127,0.829918033,0.857142857,0
0.255363322,0.782608696,0.204844291,0.456007295,0.375071291,0.333333333,0.666666667,0.26993865,0.737704918,0.571428571,1
0.439446367,0.086956522,0.502076125,0.443477909,0.801578409,0.555555556,0.111111111,0.042944785,0.776639344,0.214285714,1
0.781314879,0.826086957,0.631487889,0.602214394,0.88646139,0.111111111,0.333333333,0.944785276,0.75204918,0.785714286,1
0.453979239,0.434782609,0.585467128,0.591499083,0.123745991,0.111111111,0.444444444,0.54805726,0.12704918,0.571428571,0
0.082352941,0.695652174,0.04567474,0.806783839,0.19941101,0.111111111,0.222222222,0.840490798,0.24795082,0.857142857,0
0.574394464,0.52173913,0.32733564,0.476521139,0.215154244,1,0.888888889,0.327198364,0.516393443,0.642857143,0
0.748096886,0.434782609,0.024567474,0.99640744,0.692236151,0.666666667,0.444444444,0.216768916,0.973360656,0.357142857,0
0.947404844,0.043478261,0.137370242,0.059311318,0.603674607,0.111111111,0.111111111,0.568507157,0.229508197,0.642857143,1
0.512110727,0.347826087,0.493771626,0.002980864,0.619697046,0.111111111,0.222222222,0.719836401,0.036885246,0.857142857,1
0.080276817,0.043478261,0.907958478,0.640313802,0.942899481,0.888888889,0.888888889,0.478527607,0.028688525,0.428571429,0
0.546712803,0.869565217,0.044290657,0.298388126,0.777309832,0.666666667,0.666666667,0.034764826,0.293032787,0.785714286,1
0.795847751,0.347826087,0.626297578,0.240308038,0.126474349,0.222222222,0.111111111,0.492842536,0.422131148,0.642857143,0
0.979930796,0.347826087,0.692041522,0.311858687,0.347013932,0.222222222,0.888888889,0.237218814,0.034836066,0.142857143,0
0.700346021,0.304347826,0.091349481,0.255980653,0.435288524,0.666666667,0.333333333,0.582822086,0.766393443,0.5,1
0.748096886,0.695652174,0.539446367,0.03061618,0.39568237,0.444444444,0.888888889,0.574642127,0.799180328,0.142857143,1
0.438062284,0,0.68650519,0.971805857,0.670236246,1,0.111111111,0.292433538,0.336065574,0,0
0.35432526,0.434782609,0.273702422,0.220661814,0.893803473,0.555555556,1,0.417177914,0.073770492,0.857142857,1
0.55432526,0.304347826,0.79550173,0.734189806,0.305375283,0.777777778,0.333333333,0.077709611,0.366803279,0.857142857,0
0.774394464,0.391304348,0.992387543,0.762770002,0.552286301,0.888888889,0.444444444,0.850715746,0.711065574,0.642857143,0
0.789619377,0.260869565,0.453633218,0.92951014,0.790867316,0,0.111111111,0.312883436,0.211065574,0.785714286,0
0.386851211,0.086956522,0.056055363,0.030375474,0.416028275,0.222222222,1,0.357873211,0.200819672,0.285714286,1
0.337024221,0.086956522,0.032179931,0.872273916,0.166832958,0.666666667,0,0.916155419,0.180327869,0.071428571,0
0.871972318,0.739130435,0.624221453,0.52728803,0.475020493,0.555555556,0.666666667,0.490797546,0.846311475,0.642857143,0
0.620069204,0.173913043,0.996193772,0.632655966,0.053438904,0.666666667,1,0.860940695,0.610655738,0.928571429,0
0.896193772,0.47826087,0.391695502,0.644587796,0.944516744,0.777777778,0,0.787321063,0.905737705,0.357142857,1
0.838754325,0.47826087,0.824221453,0.819998573,0.073124119,0.555555556,0.777777778,0.752556237,0.676229508,0.857142857,0
0.48650519,0.782608696,0.283737024,0.333377142,0.438365117,0.222222222,0.222222222,0.27198364,0.817622951,0.642857143,0
0.401384083,0.217391304,0.0816609,0.733210769,0.530193312,0.111111111,1,0.09202454,0.157786885,0.571428571,0
0.546020761,0.043478261,0.839792388,0.528640601,0.98762662,0.666666667,0.555555556,0.100204499,0.145491803,0,0
0.595155709,0.47826087,0.875086505,0.793582245,0.164727397,0,0.666666667,0.337423313,0.862704918,0.928571429,1
0.170242215,0.782608696,0.677854671,0.990827876,0.112909316,0.222222222,1,0.214723926,0.868852459,0.857142857,0
0.760553633,0.173913043,0.362283737,0.200557802,0.006717156,0.333333333,0,0.439672802,0.356557377,0.214285714,1
0.105882353,0.47826087,0.579584775,0.994932432,0.154230871,0,0.555555556,0.296523517,0.807377049,1,0
0.689273356,0.695652174,0.874740484,0.08966631,0.206160681,0.444444444,0.666666667,0.838445808,0.192622951,0,1
0.767474048,0.695652174,0.332871972,0.002130159,0.631337592,1,0.555555556,0.867075665,0.702868852,0,0
0.4816609,0.391304348,0.185121107,0.043994416,0.218649389,0.222222222,0.333333333,0.145194274,0.206967213,0.5,0
0.905190311,0.956521739,0.55432526,0.341756201,0.018583987,0.111111111,0,0.971370143,0.819672131,0.928571429,0
0.860207612,0.695652174,0.684429066,0.633018359,0.828240521,0.222222222,0.888888889,0.672801636,0.944672131,0.928571429,1
0.755709343,0.608695652,0.043598616,0.068873829,0.365182414,0.777777778,0.333333333,0.556237219,0.454918033,0.857142857,1
0.740484429,0.47826087,0.031141869,0.005480016,0.353230864,0.555555556,0.666666667,0.503067485,0.008196721,0.928571429,0
0.697577855,0.652173913,0.187197232,0.93734749,0.301787076,0.666666667,0.666666667,0.91002045,0.245901639,0.714285714,1
0.064359862,1,0.292041522,0.822128415,0.977652221,0.555555556,0.111111111,0.842535787,0.479508197,1,0
0.662283737,0.782608696,0.581314879,0.809378899,0.168839065,0.555555556,0,0.378323108,0.870901639,0.071428571,0
0.699653979,0.304347826,0.640138408,0.884655729,0.900176448,0.222222222,0.777777778,0.141104294,0.233606557,0,0
0.312802768,0.869565217,0.862629758,0.700178175,0.778205569,0.777777778,0.777777778,0.942740286,0.329918033,0.714285714,0
0.849134948,0.695652174,0.134256055,0.104265214,0.074790193,0.666666667,0.666666667,0.304703476,0.459016393,0.5,1
0.630449827,0.956521739,0.940484429,0.3991012,0.989058182,0.666666667,0.777777778,0.501022495,0.467213115,0.214285714,0
0.15017301,0.173913043,0.651557093,0.723304364,0.270536642,0.555555556,0.222222222,0.533742331,0.368852459,0.142857143,0
0.32733564,0.913043478,0.014186851,0.28027908,0.096990751,0.444444444,0.111111111,0.051124744,0.506147541,0.857142857,0
0.298269896,0.652173913,0.087197232,0.68754427,0.830948312,1,0.666666667,0.862985685,0.647540984,0.785714286,0
0.235294118,0.217391304,0.374394464,0.024321592,0.707768149,0.777777778,0.777777778,0.284253579,0.924180328,0.214285714,0
0.380622837,0.304347826,0.937370242,0.306094212,0.617916461,0.444444444,0,0.200408998,0.426229508,0.928571429,0
0.907958478,0.739130435,0.869550173,0.549202586,0.154642106,0.888888889,1,0.811860941,0.290983607,0.714285714,0
0.883737024,0.47826087,0.807266436,0.63220147,0.478581296,0.888888889,0.888888889,0.566462168,0.799180328,0.285714286,0
0.246366782,0.608695652,0.532525952,0.577126166,0.781974832,0,0.333333333,0.102249489,0.702868852,0,0
0.015224913,0.347826087,0.675432526,0.697899096,0.302937039,0.555555556,0.333333333,0.306748466,0.192622951,1,0
0.360553633,0.52173913,0.97716263,0.00590315,0.311038541,0.666666667,0.222222222,0.881390593,0.778688525,0.928571429,0
0.77716263,0.608695652,0.82733564,0.10080064,0.001127344,0.222222222,0.555555556,0.928425358,0.704918033,0.714285714,0
0.55432526,0.391304348,0.221453287,0.869168356,0.172985274,0.666666667,0,0.210633947,0.495901639,0,0
0.832525952,0.652173913,0.840138408,0.681883863,0.877243201,0.666666667,0.555555556,0.885480573,0.172131148,0.142857143,0
0.862283737,0.260869565,0.238062284,0.112796776,0.441669418,0.111111111,0.111111111,0.1799591,0.846311475,0.357142857,0
0.526643599,0.695652174,0.441176471,0.842285783,0.986552566,0.666666667,0.888888889,0.286298569,0.803278689,0,0
0.305190311,0.956521739,0.674394464,0.242157745,0.395427625,0,0.111111111,0.433537832,0.37295082,0.928571429,0
0.531487889,0.869565217,0.373010381,0.478298483,0.716316647,0.444444444,0.666666667,0.474437628,0.243852459,0.714285714,0
0.702422145,0.913043478,0.51384083,0.145076966,0.281136315,0.888888889,0,0.803680982,0.676229508,0.785714286,0
0.932871972,0.260869565,0.157439446,0.710258742,0.363388468,0.666666667,0.666666667,0.372188139,0.18442623,1,1
0.356401384,0.565217391,0.339446367,0.666982568,0.189540633,0.666666667,0.444444444,0.511247444,0.139344262,0.071428571,0
0.719031142,0.608695652,0.736678201,0.211024223,0.346567255,0.111111111,0.777777778,0.016359918,0.823770492,1,0
0.547404844,0.869565217,0.387889273,0.863622238,0.547626201,0.777777778,0.333333333,0.159509202,0.268442623,0.785714286,1
0.23183391,0.260869565,0.050865052,0.401308084,0.994124231,0.222222222,1,0.104294479,0.567622951,0.928571429,0
0.177854671,0.347826087,0.467474048,0.292465494,0.665106802,0.777777778,0.666666667,0.787321063,0.276639344,0.428571429,1
0.343252595,0.782608696,0.407612457,0.15221343,0.198098216,0.222222222,0.555555556,0.834355828,0.639344262,0.928571429,0
0.619377163,0.652173913,0.065051903,0.266105906,0.043132521,1,0.444444444,0.54805726,0.379098361,0.928571429,1
0.110034602,0.304347826,0.304844291,0.021848891,0.124886928,0.666666667,0.333333333,0.460122699,0.448770492,0,0
0.588927336,0.739130435,0.798961938,0.583345946,0.563011511,0.111111111,0.666666667,0.102249489,0.946721311,0.857142857,0
0.476816609,0.956521739,0.137716263,0.842442166,0.766511161,0.333333333,0.444444444,0.378323108,0.893442623,0.928571429,1
0.262283737,0.739130435,0.972318339,0.549052628,0.942543825,0.555555556,0.444444444,0.067484663,0.090163934,1,0
0.661591696,0.826086957,0.210034602,0.219189589,0.013865603,0.888888889,0,0.593047035,0.56557377,0.428571429,0
0.477508651,0.260869565,0.620761246,0.033496676,0.523040752,0.444444444,0.111111111,0.468302658,0.389344262,1,1
0.893425606,0.086956522,0.566435986,0.214541494,0.470918854,0.888888889,0.444444444,0.265848671,0.012295082,0.214285714,0
0.996539792,0.739130435,0.544636678,0.416130522,0.656924143,0.444444444,0.222222222,1,0.772540984,0.642857143,0
0.824221453,0.391304348,0.979584775,0.759783619,0.560022023,1,0.111111111,0.243353783,0.56147541,0.928571429,0
0.737716263,0.260869565,0.742906574,0.187743555,0.688045069,0.777777778,0.333333333,0.903885481,0.362704918,0.357142857,0
0.196539792,0.695652174,0.477854671,0.719944736,0.658960657,0,0.333333333,0.664621677,0.680327869,0.928571429,1
0.274048443,0.565217391,0.485121107,0.867156617,0.115500914,0.666666667,0.333333333,0.503067485,0.075819672,0.5,1
0.007612457,1,0.283044983,0.453973902,0.801221321,0.333333333,0.333333333,0.881390593,0.596311475,0.571428571,0
0.916955017,0.086956522,0.283044983,0.821633536,0.121749231,0.444444444,0.222222222,0.390593047,0.360655738,0.357142857,0
0.883044983,0.47826087,0.144636678,0.554732222,0.69958728,0.555555556,0.666666667,0.82208589,0.327868852,0.785714286,0
0.344636678,0.52173913,0.042214533,0.637204852,0.415955263,0.444444444,0.888888889,0.658486708,0.674180328,0.714285714,0
0.521107266,0.043478261,0.14532872,0.526339859,0.514092009,0,0.444444444,0.427402863,0.762295082,0.857142857,1
0.023529412,0.086956522,0.521453287,0.463204152,0.905258738,0.888888889,0.333333333,0.208588957,0.209016393,1,0
0.502422145,0.173913043,0.552249135,0.234576371,0.891785225,0.111111111,0.111111111,0.670756646,0.325819672,0.928571429,0
0.586851211,0.434782609,0.265051903,0.303149533,0.819439796,0.888888889,0.111111111,0.758691207,0.584016393,0.571428571,1
0.061591696,0.304347826,0.706920415,0.289919314,0.510373308,1,0.444444444,0.938650307,0.24795082,0.214285714,1
0.53633218,0.956521739,0.875086505,0.563367903,0.737462955,0.111111111,0.666666667,0.26993865,0.106557377,0.357142857,0
0.41799308,0.956521739,0.887543253,0.119822161,0.513134119,0.888888889,1,0.658486708,0.87295082,0.5,0
0.670588235,0.47826087,0.761591696,0.917038513,0.871418053,0.555555556,1,0.282208589,0.06557377,0.571428571,0
0.706574394,0.260869565,0.739792388,0.720808838,0.4025267,0.888888889,0.888888889,0.245398773,0.491803279,0.142857143,1
0.288581315,0.608695652,0.535640138,0.401447757,0.972491604,0.555555556,0.666666667,0.190184049,0.928278689,0.071428571,0
0.078892734,1,0.865397924,0.158510974,0.934411629,0.555555556,0.444444444,0.922290389,0.770491803,0.357142857,0
0.426297578,0.695652174,0.610034602,0.882222469,0.742849442,0.111111111,1,0.924335378,0.227459016,0.214285714,0
0.843598616,0.130434783,0.706920415,0.823980748,0.278622104,0.777777778,1,0.261758691,0.647540984,0,0
0.570934256,0.913043478,0.914878893,0.721875752,0.130207423,0.222222222,1,0.18404908,0.043032787,0.5,0
0.759861592,0.52173913,0.175778547,0.271487495,0.856449624,0.666666667,0.555555556,0.18609407,0.090163934,0.571428571,1
0.285121107,0.739130435,0.416955017,0.402449238,0.164004683,0.444444444,0.222222222,0.126789366,0.635245902,0.928571429,1
0.96816609,0,0.132871972,0.10260855,0.856005009,0.222222222,0.444444444,0.057259714,0.272540984,0.571428571,1
0.998615917,0.652173913,0.552249135,0.188940796,0.490904355,0,0.777777778,0.427402863,0.237704918,0.071428571,0
0.503806228,0.52173913,0.848096886,0.783199941,0.406324344,0.777777778,0,0.022494888,0.965163934,0.571428571,1
0.899653979,0.391304348,0.793079585,0.715189745,0.905151029,0.222222222,0,0.678936605,0.383196721,0.428571429,1
0.705882353,0.47826087,0.256055363,0.593579073,0.604489617,0.111111111,0.666666667,0.605316973,0.264344262,0.285714286,0
0.525951557,0.043478261,0.936678201,0.895963547,0.577132388,0,0.444444444,0.263803681,0.860655738,0.428571429,0
0.467128028,0.956521739,0.932871972,0.583354976,0.559205524,0.333333333,0.444444444,0.597137014,0.430327869,0.857142857,0
0.980622837,0.086956522,0.660899654,0.467001237,0.370780838,0.777777778,0,0.351738241,0.852459016,0.571428571,1
0.315570934,0.391304348,0.5,0.340343872,0.787084369,0.222222222,0.888888889,0.423312883,0.227459016,0.5,0
0.635986159,0.043478261,0.311072664,0.940706561,0.251887145,0,0,0.881390593,0.086065574,0.357142857,1
0.132179931,0.956521739,0.730449827,0.082566248,0.941012848,0.333333333,0.444444444,0.047034765,0.258196721,0.857142857,0
0.510726644,0.52173913,0.7816609,0.931140888,0.895904812,0.888888889,1,0.200408998,0.741803279,0.214285714,1
0.776470588,0.52173913,0.694809689,0.826918712,0.336942906,0,0.888888889,0.828220859,0.319672131,0.857142857,0
0.676124567,0.739130435,0.083044983,0.129803129,0.730656998,0.111111111,0.333333333,0.72597137,0.555327869,1,1
0.697577855,0.086956522,0.878546713,0.565064135,0.573726604,0.888888889,0.777777778,0.282208589,0.641393443,0,0
0.065743945,0.260869565,0.824913495,0.866770948,0.337112629,0.111111111,0.555555556,0.6400818,0.803278689,0.357142857,1
0.458131488,0.565217391,0.698615917,0.571892181,0.990858643,0.222222222,0.222222222,0.353783231,0.723360656,0.142857143,0
0.839446367,0.826086957,0.05916955,0.90744209,0.023321342,0.666666667,0.333333333,0.057259714,0.692622951,0.357142857,0
0.024913495,0.695652174,0.23183391,0.943243076,0.251734059,0.222222222,0.111111111,0.854805726,0.819672131,0.357142857,0
0.963321799,0.869565217,0.056055363,0.42239659,0.520342812,0.888888889,0,0.290388548,0.088114754,0.928571429,0
0.192387543,0.47826087,0.160207612,0.377304329,0.52223005,0.555555556,0.777777778,0.644171779,0.217213115,0.214285714,0
0.149480969,0.652173913,0.171280277,0.93657725,0.589505845,0.222222222,0,0.715746421,0.444672131,0.071428571,0
0.599307958,1,0.241522491,0.675272143,0.75296747,0.888888889,0,0.083844581,0.903688525,1,1
0.603460208,0.47826087,0.844636678,0.115889282,0.62420312,0,0.333333333,0.99795501,0.647540984,0.571428571,0
0.896885813,0.608695652,0.242560554,0.042123341,0.600904335,1,1,0.609406953,0.641393443,0.071428571,0
0.042214533,0.391304348,0.670934256,0.56470866,0.051723305,0.222222222,1,0.423312883,0.358606557,0.142857143,0
0.411764706,0.260869565,0.814532872,0.930424141,0.376165278,0,0.555555556,0.672801636,0.463114754,0.642857143,0
0.503806228,0.826086957,0.619377163,0.84446108,0.23105286,0.111111111,0.888888889,0.883435583,0.387295082,0,1
0.944636678,0.173913043,0.062629758,0.675980164,0.264514318,0.777777778,0,0.390593047,0.961065574,0.428571429,0
0.274048443,0,0.216955017,0.138993415,0.554757502,0.666666667,0.666666667,0.325153374,0.323770492,1,1
0.483044983,0.695652174,0.884429066,0.254163609,0.198358722,0.111111111,1,0.128834356,0.803278689,0,0
0.721107266,0.086956522,0.598615917,0.875738448,0.293219487,0.111111111,0.444444444,0.494887526,0.543032787,0.714285714,0
0.121799308,0.52173913,0.188235294,0.182705548,0.236104032,0.888888889,0.777777778,0.525562372,0.729508197,0.571428571,1
0.273356401,0.565217391,0.548788927,0.278383128,0.950663252,0.555555556,0.666666667,0.308793456,0.663934426,0.714285714,0
0.307266436,1,0.215224913,0.129473699,0.946809099,0.444444444,0.333333333,0.437627812,0.772540984,0.714285714,0
0.869204152,0.739130435,0.204844291,0.676240773,0.610607084,1,0.333333333,0.656441718,0.99795082,0,0
0.051903114,0.130434783,0.256747405,0.944242039,0.926576901,0.555555556,0.555555556,0.337423313,0.385245902,0.285714286,1
0.182698962,0.739130435,0.611418685,0.268907254,0.787254659,0.888888889,0.555555556,0.061349693,0.354508197,0.428571429,0
0.314186851,0.173913043,0.50449827,0.475443852,0.590525134,0.666666667,0.888888889,0.756646217,0.590163934,0.142857143,0
0.496193772,0.652173913,0.673702422,0.634452448,0.004436194,1,0.444444444,0.472392638,0.987704918,0.571428571,0
0.507958478,0,0.899653979,0.999752327,0.773899595,1,0.777777778,0.574642127,0.727459016,0.5,0
0.973702422,0.869565217,0.715224913,0.104669341,0.70356247,0.888888889,0.444444444,0.057259714,0.293032787,0.857142857,1
0.588235294,0.565217391,0.899653979,0.498619042,0.615942632,0.333333333,0.111111111,0.396728016,0.471311475,1,0
0.961937716,0.608695652,0.84532872,0.385114494,0.761754234,0.111111111,0.555555556,0.680981595,0.733606557,0.142857143,0
0.098961938,0.347826087,0.924221453,0.866042786,0.513159339,0.777777778,0.888888889,0.521472393,0.893442623,1,1
0.611764706,0.608695652,0.035640138,0.476005241,0.705164442,0.333333333,0.222222222,0.572597137,0.413934426,0.285714286,0
0.755709343,0.695652174,0.774394464,0.11084173,0.937273538,0.888888889,0,0.619631902,0.432377049,0.428571429,0
0.776470588,1,0.005190311,0.634536894,0.375436804,0.333333333,0,0.654396728,0.077868852,0.785714286,0
0.273356401,0.130434783,0.135294118,0.770958112,0.709220836,0.777777778,0.222222222,0.891615542,0.55942623,0.928571429,0
0.725259516,0.47826087,0.146366782,0.002694131,0.475760599,0.888888889,1,0.658486708,0.657786885,0.214285714,0
0.655363322,0.173913043,0.752595156,0.859176047,0.675349766,0.888888889,0.444444444,0.705521472,0.163934426,0.285714286,0
0.615916955,0.173913043,0.197231834,0.185922839,0.764234158,1,0.222222222,0.8200409,0.366803279,0.142857143,0
0.812456747,0.434782609,0.71799308,0.55214301,0.043625748,0.333333333,0.888888889,0.801635992,0.651639344,0.571428571,0
0.807612457,0.217391304,0.387197232,0.415806441,0.647427822,0,0.777777778,0.599182004,0.165983607,0.642857143,0
0.393079585,0.260869565,0.083044983,0.719807034,0.22571484,0.222222222,0.222222222,0.175869121,0.616803279,0.571428571,0
0.734948097,1,0.788235294,0.371149361,0.670963371,0.888888889,0.888888889,0.302658487,0.532786885,0.428571429,0
0.074740484,0.565217391,0.272318339,0.869987669,0.468370482,0.333333333,0.555555556,0.507157464,0.553278689,0.642857143,1
0.737024221,1,0.246712803,0.730654727,0.774940627,0.444444444,0.666666667,0.654396728,0.405737705,0.071428571,0
0.836678201,0.434782609,0.261937716,0.64783223,0.121918213,0.666666667,0.333333333,0.826175869,0.487704918,0.428571429,1
0.646366782,0.52173913,0.985467128,0.796430178,0.6270602,0.444444444,0.333333333,0.576687117,0.819672131,0.428571429,0
0.274740484,0.043478261,0.267820069,0.754192572,0.277672776,0.333333333,0.111111111,0.738241309,0.364754098,0.714285714,1
0.862283737,0.260869565,0.95916955,0.03576725,0.854720569,0.111111111,0.444444444,0.773006135,0.881147541,0.285714286,1
0.438062284,0.826086957,0.77716263,0.394733293,0.930454985,0.111111111,0.777777778,0.402862986,0.346311475,0.571428571,0
0.8,0.130434783,0.026643599,0.931060775,0.998770065,0.333333333,0.666666667,0.08793456,0.600409836,0.857142857,0
0.820761246,0.304347826,0.29550173,0.125595476,0.797494427,1,0.666666667,0.72597137,0.358606557,0.785714286,0
0.856747405,0.826086957,0.869550173,0.73725805,0.755034454,1,0.555555556,0.055214724,0.75204918,0.714285714,0
0.506574394,0.913043478,0.90899654,0.974866079,0.214424787,0.888888889,0.222222222,0.875255624,0.807377049,0.142857143,0
0.161937716,0.869565217,0.497577855,0.052034925,0.335463135,0.777777778,0.444444444,0.032719836,0.481557377,0.214285714,1
0.45467128,0.782608696,0.863321799,0.682329311,0.465711148,0.222222222,0,0.257668712,0.278688525,0,0
0.519031142,0.52173913,0.738062284,0.468187942,0.774768175,0.888888889,0.666666667,0.773006135,0.665983607,0.357142857,0
0.406228374,0.565217391,0.742906574,0.579261771,0.916978104,0.444444444,0.888888889,0.341513292,0.745901639,0.214285714,0
0.714186851,0.391304348,0.356401384,0.085193369,0.187946739,0.222222222,0,0.496932515,0.633196721,0,0
0.75916955,0.434782609,0.291695502,0.042838883,0.924412402,0.444444444,0.111111111,0.789366053,0.260245902,0.071428571,1
0.659515571,0.043478261,0.029411765,0.666994814,0.696668477,1,0.222222222,0.153374233,0.096311475,1,1
0.339792388,0.347826087,0.72283737,0.823511865,0.611439917,0.333333333,0.222222222,0.470347648,0.331967213,0.142857143,0
0.631141869,0.695652174,0.140484429,0.782198163,0.198696161,0.777777778,0.777777778,0.415132924,0.56352459,0.571428571,0
0.883044983,0.086956522,0.937716263,0.543875449,0.053742752,0.444444444,0.666666667,0.918200409,0.596311475,0.857142857,0
0.867128028,1,0.576816609,0.099725751,0.5689473,1,0.555555556,0.505112474,0.233606557,0.5,1
0.828373702,0.217391304,0.050519031,0.688182653,0.652364762,0.777777778,1,0.615541922,0.045081967,0.428571429,0
0.824221453,0.173913043,0.803806228,0.241815248,0.209684641,0.888888889,1,0.435582822,0.633196721,0.857142857,0
0.116955017,0.173913043,0.079584775,0.911312808,0.556885588,0.333333333,0.333333333,0.437627812,0.047131148,1,1
0.979930796,0.913043478,0.674394464,0.838474896,0.85824748,0.666666667,0.888888889,0.321063395,0.797131148,0.714285714,0
0.653979239,0.608695652,0.125951557,0.709531308,0.836725418,0.111111111,0,0.139059305,0.256147541,0.785714286,1
0.549480969,0.956521739,0.578892734,0.949107999,0.929422119,0.555555556,0.111111111,0.801635992,0.475409836,0.928571429,0
0.438062284,0.695652174,0.15017301,0.031248252,0.365473803,0.777777778,0.333333333,0.171779141,0.424180328,0.214285714,1
0.842214533,0.347826087,0.137370242,0.736361499,0.317426364,0.666666667,0.222222222,0.54396728,0.18647541,0,0
0.019377163,0.086956522,0.426643599,0.330211096,0.750707369,0.666666667,0,0.139059305,0.18852459,0.5,0
0.822145329,0.826086957,0.488927336,0.906307616,0.430988381,0.777777778,0.444444444,0.200408998,0.665983607,0.214285714,0
1,0.695652174,0.880622837,0.266613331,0.085907771,0.666666667,0.666666667,0.707566462,0.456967213,0.142857143,1
0.233910035,0.391304348,0.894809689,0.725012187,0.282022297,0.444444444,0.111111111,0.918200409,0.928278689,0.571428571,0
0.960553633,0.086956522,0.194117647,0.877875256,0.41840294,0.666666667,0.444444444,0.439672802,0.770491803,0.642857143,0
0.944636678,0.739130435,0.860899654,0.041488109,0.291780486,1,0.555555556,0.846625767,0.569672131,0.214285714,0
0.34532872,0.739130435,0.443944637,0.397647902,0.331644863,0.222222222,0.666666667,0.327198364,0.018442623,0.214285714,0
0.352941176,0.695652174,0.266782007,0.762482503,0.293045527,0.444444444,0,0.862985685,0.670081967,0.928571429,0
0.934256055,1,0.829065744,0.454946405,0.039654961,0.666666667,0.666666667,0.190184049,0.020491803,0.571428571,1
0.149480969,0.086956522,0.70449827,0.267191038,0.63788011,0.888888889,0.333333333,0.353783231,0.067622951,0.857142857,0
0.916262976,0.086956522,0.887889273,0.219721228,0.597902098,0.111111111,0.777777778,0.335378323,0.911885246,0.785714286,0
0.799307958,0.217391304,0.464359862,0.131392226,0.654240824,0.333333333,0.333333333,0.233128834,0.922131148,0.714285714,0
0.756401384,0.52173913,0.755709343,0.857348054,0.191131534,0.666666667,0.555555556,0.447852761,0.463114754,0.785714286,0
0.882352941,1,0.543944637,0.575440105,0.294932457,0,0.888888889,0.90593047,0.446721311,0.928571429,0
0.995155709,0.608695652,0.342560554,0.076232725,0.620324165,0.111111111,0.444444444,0.061349693,0.899590164,0.071428571,0
0.307266436,0.347826087,0.835294118,0.382573492,0.600247556,0.888888889,0.333333333,0.020449898,0.284836066,0.928571429,0
0.605536332,0.130434783,0.430795848,0.367719769,0.50653838,1,0.777777778,0.699386503,0.043032787,0.785714286,0
0.833910035,0.565217391,0.123875433,0.181636995,0.349932931,0.666666667,0.888888889,0.768916155,0.165983607,0.285714286,1
0.114878893,0.173913043,0.31799308,0.435525925,0.914934259,1,0.333333333,0.263803681,1,1,0
0.062283737,0.043478261,0.821799308,0.332068564,0.339242933,0.666666667,0.222222222,0.99591002,0.465163934,0.214285714,0
0.493425606,0.434782609,0.86816609,0.341777512,0.455603332,0.555555556,0.777777778,0.212678937,0.862704918,0.571428571,1
0.026297578,0.347826087,0.332525952,0.739188974,0.679080344,0.222222222,0.444444444,0.053169734,0.700819672,0.785714286,1
0.795155709,1,0.63183391,0.223180907,0.543391497,1,0.111111111,0.462167689,0.159836066,0.285714286,0
0.119031142,0.086956522,0.997231834,0.641976238,0.346390084,0.222222222,1,0.00204499,0.719262295,0.571428571,0
0.451211073,0.347826087,0.557785467,0.570732091,0.435540777,0.111111111,0.888888889,0.732106339,0.807377049,0.714285714,1
0.521107266,0.086956522,0.567128028,0.568173765,0.795961103,0.555555556,0.222222222,0.204498978,0.590163934,0.571428571,0
0.860207612,0.043478261,0.766435986,0.663133667,0.277329695,0.333333333,0.111111111,0.040899796,0.928278689,0.928571429,0
0.748096886,0.47826087,0.074394464,0.54845393,0.140855882,0.444444444,0,0.116564417,0.674180328,0.071428571,0
0.328719723,0.391304348,0.130103806,0.879484114,0.31251842,0.222222222,0.777777778,0.793456033,0.321721311,0.928571429,0
0.314878893,0.347826087,0.040484429,0.675712382,0.851257567,0.555555556,0.222222222,0.36605317,0.973360656,1,0
0.573010381,0.608695652,0.065051903,0.547034472,0.087355184,0.222222222,0.666666667,0.875255624,0.258196721,0.571428571,1
0.618685121,0.304347826,0.973356401,0.82996862,0.994047084,0.777777778,0,0.695296524,0.385245902,0.142857143,0
0.957785467,0.173913043,0.12733564,0.606245887,0.541364053,0.888888889,0,0.711656442,0.80942623,0.214285714,0
0.708650519,0.434782609,0.62283737,0.291094,0.98716651,0.333333333,0.888888889,0.038854806,0.05942623,0,0
0.267128028,0.043478261,0.759515571,0.207004762,0.941114758,0.888888889,0.777777778,0.519427403,0.786885246,0.928571429,0
0.240138408,1,0.224913495,0.152211625,0.452785504,0.666666667,0.222222222,0.646216769,0.731557377,0,1
0.130795848,0.608695652,0.650865052,0.899693804,0.197340003,0.222222222,0.555555556,0.075664622,0.026639344,0,0
0.348788927,0.217391304,0.522491349,0.71028413,0.16358533,0.666666667,0.222222222,0.300613497,0.637295082,0.571428571,1
0.840138408,0.304347826,0.265743945,0.937635036,0.239021512,0,0.333333333,0.049079755,0.149590164,0.714285714,0
0.963321799,0.173913043,0.837370242,0.603389772,0.71124052,0.222222222,0,0.787321063,0.06557377,0.5,0
0.99100346,0.652173913,0.269550173,0.473437173,0.272127667,0.555555556,0.444444444,0.245398773,0.731557377,0.285714286,1
0.569550173,0.739130435,0.593425606,0.059556355,0.340905268,0.333333333,0,0.848670757,0.397540984,0.285714286,0
0.642214533,0.217391304,0.763321799,0.671772702,0.448732779,0.666666667,0,0.051124744,0.674180328,0.571428571,0
0.64567474,0.173913043,0.829411765,0.582296716,0.915237267,0.222222222,1,0.926380368,0.055327869,0.142857143,1
0.788927336,0.652173913,0.453287197,0.990490576,0.18820218,0,0.666666667,0.343558282,0.393442623,0.142857143,0
0.092041522,0.52173913,0.43183391,0.239083846,0.003021316,0.888888889,0.555555556,0.658486708,0.028688525,0.428571429,1
0.039446367,0.173913043,0.180276817,0.530800871,0.058334313,0.555555556,0.111111111,0.45807771,0.862704918,0.571428571,1
0.473356401,0.52173913,0.179930796,0.651077934,0.906733549,0.777777778,0.111111111,0,0.153688525,0.357142857,0
0.464359862,0.695652174,0.270242215,0.644708751,0.648347887,0.222222222,0.666666667,0.625766871,0.596311475,0.928571429,0
0.119031142,0.739130435,0.802422145,0.561371568,0.272218692,0.777777778,0,0.531697342,0.161885246,0.071428571,0
0.563321799,0.304347826,0.323183391,0.777108423,0.175947394,0.111111111,0.111111111,0.024539877,0.825819672,0,0
0.811072664,0.52173913,0.771280277,0.20489005,0.293538525,0.333333333,0.777777778,0.82208589,0.87295082,0.071428571,1
0.05467128,0.782608696,0.583737024,0.725783254,0.113276338,0.222222222,0.555555556,0.807770961,0.25,0.928571429,1
0.612456747,0.086956522,0.16816609,0.619840345,0.943662445,1,0.111111111,0.096114519,0.034836066,0.928571429,0
0.855363322,1,0.639792388,0.896312098,0.785641096,0,0.666666667,0.834355828,0.928278689,0,0
0.139792388,0.304347826,0.292041522,0.847408216,0.462405252,0.666666667,0.333333333,0.63803681,0.204918033,0.642857143,0
0.528027682,0.043478261,0.750865052,0.315108188,0.866754074,1,0.111111111,0.756646217,0.799180328,0.642857143,0
0.866435986,0.304347826,0.981314879,0.276179999,0.248532158,0.111111111,0.555555556,0.593047035,0.153688525,0.571428571,1
0.865051903,0.52173913,0.851211073,0.981930944,0.7182593,0.333333333,0.888888889,0.676891616,0.465163934,1,0
0.98615917,0.52173913,0.692733564,0.527327048,0.857884982,0.888888889,0.888888889,0.190184049,0.918032787,0.642857143,1
0.03183391,0,0.60449827,0.906662862,0.356316453,0.555555556,0.777777778,0.531697342,0.604508197,1,0
0.869204152,0.217391304,0.236678201,0.163770349,0.758781299,0.777777778,0.222222222,0.983640082,0.411885246,0.785714286,1
0.919031142,1,0.747058824,0.64293565,0.294347694,0.111111111,0.222222222,0.566462168,0.963114754,0.928571429,0
0.806920415,0.782608696,0.75017301,0.810056237,0.298149191,0.666666667,0.111111111,0.732106339,0.926229508,0.857142857,0
0.995155709,0.652173913,0.541868512,0.947656603,0.105502417,0.555555556,0.444444444,0.417177914,0.120901639,0.5,0
0.966089965,0.304347826,0.430449827,0.337311828,0.439973518,0.888888889,0.333333333,0.376278119,0.049180328,1,1
0.887197232,0,0.012802768,0.725136917,0.73090623,0.666666667,0.666666667,0.355828221,0.141393443,0.428571429,0
0.453287197,0.652173913,0.879930796,0.53888036,0.942344548,0,0.333333333,0.893660532,0.206967213,1,0
0.325259516,0.347826087,0.269204152,0.060469225,0.604435388,0.777777778,0.888888889,0.789366053,0.952868852,0.142857143,0
0.671280277,0.52173913,0.434256055,0.690138874,0.86491894,1,0.111111111,0.775051125,0.663934426,0.5,0
0.716262976,0.434782609,0.759515571,0.690235741,0.824098618,0.222222222,0.555555556,0.629856851,0.739754098,0.071428571,0
0.93633218,0.52173913,0.936678201,0.930860187,0.172080951,0.111111111,0.666666667,0.955010225,0.317622951,0.071428571,1
0.508650519,0.869565217,0.666435986,0.497360091,0.485934933,0.222222222,0.333333333,0.846625767,0.739754098,0.714285714,0
0.541868512,0.391304348,0.103806228,0.23017176,0.115412335,0.555555556,0.555555556,0.139059305,0.731557377,0.642857143,0
0.669204152,0.130434783,0.790311419,0.044396494,0.683137508,0.222222222,0.666666667,0.963190184,0.393442623,0.142857143,0
0.247058824,0.217391304,0.223183391,0.415651053,0.952066143,1,0.333333333,0.210633947,0.55942623,0.428571429,0
0.671972318,0.260869565,0.228719723,0.301871567,0.135667292,0.444444444,0.777777778,0.501022495,0.659836066,0,0
0.990311419,0.173913043,0.789619377,0.761261198,0.735095871,0.555555556,0.888888889,0.327198364,0.37704918,0.5,0
0.461591696,0.434782609,0.608304498,0.35424749,0.633002118,0.777777778,0,0.406952965,0.663934426,0.785714286,0
0.257439446,0.52173913,0.778200692,0.949333346,0.584154284,0.666666667,0.666666667,0.439672802,0.227459016,0.428571429,0
0.71349481,0.782608696,0.087889273,0.962578639,0.389815226,0.777777778,0.888888889,0.885480573,0.637295082,0.214285714,1
0.792387543,0.956521739,0.206228374,0.621014921,0.354672161,0.222222222,1,0.431492843,0.334016393,0.928571429,0
0.948788927,0.391304348,0.228373702,0.928912745,0.043421539,0.333333333,0.444444444,0.030674847,0.120901639,1,1
0.467128028,0.391304348,0.080622837,0.761027125,0.216843368,0.555555556,0.111111111,0.758691207,0.18442623,0.285714286,0
0.061591696,0.434782609,0.473010381,0.546930812,0.01321646,0.666666667,1,0.676891616,0.581967213,0.642857143,0
0.482352941,0.869565217,0.892733564,0.18020506,0.581956692,0.888888889,0.555555556,0.417177914,0.928278689,0.857142857,0
0.926643599,0.260869565,0.265743945,0.458627206,0.104293159,0,0.666666667,0.744376278,0.932377049,0,0
0.831141869,0.739130435,0.895155709,0.560952289,0.874846435,0.777777778,0.111111111,1,0.30942623,0.214285714,1
0.373010381,0.130434783,0.073010381,0.864183319,0.523425321,0.777777778,0.111111111,0.077709611,0.456967213,1,1
0.505882353,0.043478261,0.159515571,0.481373435,0.700751682,0.555555556,1,0.1799591,0.256147541,0,0
0.600692042,0.565217391,0.858823529,0.897912418,0.410643638,0.333333333,1,0.877300613,0.391393443,0,0
0.027681661,0.52173913,0.097231834,0.674480685,0.561027397,0.222222222,0,0.521472393,0.231557377,0.642857143,0
0.511418685,0.47826087,0.51384083,0.136875624,0.944793685,0.222222222,0.333333333,0.979550102,0.532786885,0,0
0.346712803,0.260869565,0.494463668,0.995265318,0.081071889,0.555555556,0.666666667,0.517382413,0.032786885,0.428571429,0
0.662975779,0.043478261,0.029757785,0.527294513,0.253031504,0.777777778,0.888888889,0.439672802,0.016393443,0.428571429,1
0.808304498,0.52173913,0.368858131,0.39185587,0.781404626,0.666666667,0.222222222,0.750511247,0.18442623,0.214285714,1
0.847058824,0.565217391,0.158823529,0.659238236,0.097145712,0,0.666666667,0.617586912,0.280737705,1,1
0.642214533,0.695652174,0.804152249,0.10875653,0.073967726,0.555555556,0.666666667,0.349693252,0.981557377,0.857142857,1
0.3183391,0.347826087,0.853633218,0.636652399,0.361110212,0.666666667,0.666666667,0.278118609,0.915983607,0.785714286,0
0.505882353,0.695652174,0.596193772,0.498284084,0.09054746,0.666666667,0.111111111,0.99591002,0.678278689,0.071428571,0
0.519723183,0.304347826,0.475778547,0.406678678,0.585634194,0.888888889,0.555555556,0.961145194,0.727459016,0.785714286,0
0.639446367,0.043478261,0.948788927,0.953284046,0.22524685,1,0.111111111,0.783231084,0.692622951,0.142857143,0
0.628373702,1,0.177508651,0.52259934,0.897625132,0.444444444,0.555555556,0.36196319,0.915983607,0.5,0
0.883044983,0.52173913,0.242560554,0.219033032,0.784931885,0,1,0.155419223,0.102459016,0.857142857,1
0.269204152,0.086956522,0.571626298,0.458992916,0.700767047,0.111111111,0.222222222,0.382413088,0.395491803,0.5,1
0.610380623,0.652173913,0.714532872,0.91963546,0.617640469,0.333333333,0.111111111,0.979550102,0.950819672,0.714285714,1
0.176470588,0.217391304,0.007266436,0.175990596,0.865250591,0.444444444,0.555555556,0.028629857,0.99795082,0.714285714,1
0.489965398,0.782608696,0.850865052,0.213870141,0.222019474,0.888888889,0.111111111,0.595092025,0.418032787,0.357142857,1
0.310726644,0.260869565,0.364013841,0.012847265,0.874936278,0,0.444444444,0.650306748,0.584016393,1,0
0.006228374,0.391304348,0.632871972,0.014008298,0.790950558,0.222222222,0.111111111,0.662576687,0.969262295,0.642857143,1
0.569550173,0.347826087,0.74532872,0.82959695,0.749436604,0.444444444,0.222222222,0.435582822,0.817622951,0.571428571,0
0.551557093,0.043478261,0.450865052,0.732281745,0.56170625,0.222222222,0.222222222,0.423312883,0.895491803,0.714285714,0
0.875432526,0.608695652,0.392041522,0.355021148,0.245303925,0.333333333,0.555555556,0.343558282,0.745901639,0.785714286,1
0.8816609,0.173913043,0.755017301,0.698454241,0.423390494,0.222222222,0.555555556,0.672801636,0.18647541,0.571428571,1
0.606228374,0.913043478,0.124567474,0.395205089,0.795046921,0.333333333,1,0.570552147,0.856557377,0.214285714,0
0.711418685,0.130434783,0.752595156,0.953160762,0.02989136,0,0.222222222,0.950920245,0.989754098,0.785714286,0
0.790311419,0.826086957,0.656747405,0.967323369,0.783476174,0.777777778,0.222222222,0.621676892,0.836065574,0,0
0.702422145,0.130434783,0.443944637,0.392791793,0.239103248,0.333333333,0,0.296523517,0.629098361,0,0
0.258131488,0.739130435,0.177508651,0.85443902,0.142918911,0.666666667,0.666666667,0.535787321,0.293032787,1,1
0.752941176,0.130434783,0.15467128,0.773267631,0.114184722,0.111111111,0.777777778,0.006134969,0.172131148,0.785714286,0
0.100346021,0.695652174,0.665051903,0.309958643,0.025342894,0.111111111,0.111111111,0.18200409,0.30942623,0.642857143,0
0.15432526,0.47826087,0.520761246,0.231961517,0.523870744,0.555555556,0.333333333,0.924335378,0,1,0
0.873356401,0.913043478,0.431141869,0.458263741,0.217196083,0.111111111,1,0.120654397,0.696721311,0.285714286,0
0.121799308,0.695652174,0.641522491,0.781531352,0.991772779,0.555555556,0.666666667,0.63394683,0.793032787,0.928571429,0
0.589619377,0.391304348,0.301730104,0.960435203,0.574945524,0.111111111,0.777777778,0.030674847,0.528688525,0.857142857,1
0.903114187,0.913043478,0.871626298,0.763753143,0.136466617,0.333333333,0,0.462167689,0.331967213,0.071428571,0
0.042906574,0,0.493771626,0.855424566,0.689776069,0.666666667,0.333333333,0.967280164,0.008196721,1,0
0.858131488,0.913043478,0.812456747,0.603162165,0.899679767,0.777777778,0.555555556,0.950920245,0.301229508,0.357142857,0
0.571626298,1,0.787889273,0.835616011,0.74644211,0.222222222,0.222222222,0.057259714,0.415983607,0.428571429,0
0.549480969,0.739130435,0.606574394,0.784604828,0.074749921,0.888888889,0.444444444,0.306748466,0.237704918,0,1
0.476124567,0.739130435,0.318685121,0.376976053,0.897812172,0.111111111,1,0.498977505,0.989754098,0.357142857,0
0.071972318,0.565217391,0.746712803,0.55206391,0.795407236,0.777777778,0.888888889,0.550102249,0.178278689,0.5,1
0.776470588,0.608695652,0.358131488,0.804946746,0.156975398,0.777777778,0.222222222,0.159509202,0.31147541,0.785714286,0
0.352941176,0.47826087,0.489619377,0.045890114,0.049987099,0.333333333,0.444444444,0.883435583,0.895491803,0.285714286,0
0.265743945,0.130434783,0.880968858,0.808274486,0.557743729,0,0.777777778,0.588957055,0.338114754,0.928571429,0
0.279584775,0.086956522,0.914878893,0.1777841,0.154697296,0,0.555555556,0.310838446,0.954918033,0.785714286,0
0.568858131,0.826086957,0.788927336,0.514739511,0.836248328,0.111111111,0.333333333,0.564417178,0.325819672,0.428571429,1
0.357785467,0.47826087,0.916262976,0.808470736,0.357889311,0.888888889,0.777777778,0.81799591,0.549180328,0.642857143,0
0.328719723,0.260869565,0.107958478,0.253753109,0.914895529,0.111111111,0.222222222,0.568507157,0.110655738,0.357142857,0
0.489965398,0.434782609,0.903806228,0.245735665,0.566158314,0.111111111,0.222222222,0.114519427,0.463114754,0.214285714,0
0.532871972,0,0.780276817,0.40276715,0.181451472,0.555555556,0.333333333,0.948875256,0.68647541,1,0
0.723875433,0.217391304,0.690657439,0.894879104,0.138187781,0.666666667,0.888888889,0.378323108,0.301229508,1,1
0.689273356,0.608695652,0.358477509,0.000254503,0.576990193,0.666666667,0.444444444,0.811860941,0.090163934,0.428571429,0
0.467820069,0.608695652,0.57266436,0.901622603,0.763219977,0.888888889,0.777777778,0.188139059,0.290983607,0.642857143,0
0.493425606,0.782608696,0.911072664,0.153691566,0.782928646,0.555555556,0.555555556,0.562372188,0.483606557,0.571428571,1
0.056747405,0.434782609,0.614878893,0.990368001,0.274947472,0.777777778,0.222222222,0.321063395,0.553278689,0.642857143,0
0.808304498,0.956521739,0.350519031,0.955111885,0.2031211,0.555555556,0.777777778,0.560327198,0.241803279,0.642857143,0
0.766782007,0.043478261,0.377854671,0.494721583,0.014802856,0.111111111,0.888888889,0.36809816,0.692622951,0.857142857,0
0.761937716,0.565217391,0.388581315,0.512775209,0.680170456,0,0.777777778,0.732106339,0.842213115,0.428571429,1
0.315570934,0.043478261,0.24083045,0.481589501,0.074878885,0.444444444,0.333333333,0.897750511,0.446721311,0.785714286,1
0,0.130434783,0.753633218,0.635556878,0.420591476,0.888888889,0.555555556,0.155419223,0.012295082,0.928571429,0
0.034602076,0.695652174,0.485467128,0.09057629,0.602311223,0.777777778,0,0.950920245,0.700819672,0.285714286,0
0.473356401,0.086956522,0.399307958,0.032444947,0.939218948,0.333333333,0.333333333,0.306748466,0.788934426,0.428571429,1
0.49550173,0.52173913,0.360553633,0.057541838,0.311151346,0.444444444,0.777777778,0.91002045,0.965163934,0.142857143,0
0.310034602,0.347826087,0.667128028,0.444387854,0.248847503,0.444444444,0,0.484662577,0.55942623,0.071428571,0
0.60899654,0.260869565,0.893425606,0.275490286,0.655020909,0.555555556,0.222222222,0.588957055,0.719262295,0.714285714,0
0.337024221,0.608695652,0.35017301,0.622146431,0.619945606,0.222222222,0,0.470347648,0.131147541,1,1
0.02283737,0.956521739,0.077854671,0.992725033,0.331548652,0.444444444,0.888888889,0.99591002,0.157786885,0.285714286,0
0.948788927,0.434782609,0.632179931,0.386318118,0.930172071,0.111111111,0.111111111,0.034764826,0.172131148,0.214285714,0
0.065051903,0.826086957,0.515916955,0.573925237,0.846565052,1,0.888888889,0.147239264,0.25,0.285714286,0
0.757785467,0.043478261,0.283737024,0.415612744,0.222944022,0,0.333333333,0.850715746,0.409836066,0.5,0
0.105882353,0.608695652,0.699653979,0.847485481,0.238170955,0,0.111111111,0.848670757,0.950819672,0.785714286,1
0.172318339,0.565217391,0.300692042,0.902476315,0.512534776,1,0.333333333,0.384458078,0.303278689,0.214285714,0
0.465743945,0.826086957,0.848096886,0.87758371,0.774960072,0.666666667,1,0.893660532,0.090163934,1,0
0.302422145,0.913043478,0.777854671,0.974646402,0.042207392,0.111111111,0.555555556,0.032719836,0.227459016,0.571428571,0
0.080968858,0.434782609,0.721107266,0.027343763,0.69436887,0.333333333,0.666666667,0.036809816,0.182377049,0.428571429,0
0.532871972,0.086956522,0.620761246,0.840026435,0.649070496,0.444444444,0.222222222,0.445807771,0.284836066,0.642857143,1
0.919723183,0.695652174,0.064359862,0.751940641,0.230474675,0.666666667,0.222222222,0.664621677,0.588114754,0.857142857,0
0.184775087,0.47826087,0.373356401,0.228614509,0.682333827,0.111111111,1,0.985685072,0.793032787,0.785714286,1
0.74532872,1,0.324913495,0.956585685,0.942306767,0.555555556,0.777777778,0.243353783,0.442622951,0.428571429,0
0.162629758,0.869565217,0.802422145,0.148059797,0.04496498,0,0.444444444,0.204498978,0.153688525,1,0
0.268512111,0.608695652,0.909688581,0.679684103,0.319035922,0.666666667,0.333333333,0.067484663,0.838114754,0.857142857,0
0.684429066,0.652173913,0.88650519,0.22480851,0.438083882,0.888888889,0.666666667,0.169734151,0.768442623,0.857142857,0
0.52733564,0.173913043,0.181314879,0.431396988,0.901203256,0.444444444,0.666666667,0.834355828,0.782786885,0.5,0
0.276816609,0.826086957,0.115570934,0.71931288,0.9644825,0.444444444,0.888888889,0.398773006,0.680327869,0.785714286,1
0.431141869,0.217391304,0.949480969,0.563403631,0.444048631,0.333333333,0.888888889,0.672801636,0.307377049,0.357142857,0
0.530103806,0.782608696,0.37266436,0.427516329,0.751312435,0.222222222,0.444444444,0.411042945,0.657786885,0.5,0
0.917647059,0.173913043,0.880968858,0.326304894,0.531980932,0.888888889,0.777777778,0.701431493,0.485655738,0.142857143,1
0.635294118,0.086956522,0.973010381,0.839869855,0.538129872,0.444444444,1,0.695296524,0.231557377,0.642857143,1
0.851211073,0,0.893425606,0.143694147,0.277299923,0.777777778,0,0.020449898,0.649590164,0.642857143,0
0.866435986,0.217391304,0.055363322,0.430118609,0.2158867,0.888888889,0.888888889,0.707566462,0.75204918,0.928571429,0
0.589619377,0.608695652,0.204844291,0.903998206,0.287249489,0.444444444,0.777777778,0.81595092,0.18852459,0,0
0.399307958,0.043478261,0.670242215,0.846062688,0.556756823,1,0.555555556,0.443762781,0.985655738,0.357142857,1
0.051211073,0.086956522,0.762975779,0.400943649,0.027256479,0.888888889,0.222222222,0.90797546,0.094262295,0,1
0.300346021,0.695652174,0.020069204,0.763282214,0.909227112,0.111111111,0.222222222,0.515337423,0.387295082,0.571428571,1
0.070588235,1,0.657439446,0.823363196,0.154946289,0.888888889,0.777777778,0.45194274,0.942622951,0.928571429,1
1,0.47826087,0.780968858,0.889120997,0.219032961,0.333333333,0.444444444,0.781186094,0.020491803,0.071428571,0
0.528027682,0.739130435,0.139792388,0.544575823,0.518536989,0.555555556,1,0.752556237,0.31557377,0.714285714,1
0.510034602,0.608695652,0.229065744,0.204369479,0.711222566,0.555555556,0.666666667,0.161554192,0.348360656,0.071428571,0
0.557093426,0.47826087,0.391349481,0.255241814,0.094124279,0.555555556,0.444444444,0.012269939,0.973360656,0.428571429,0
0.919723183,0.652173913,0.379930796,0.295646587,0.317069923,0.111111111,0.777777778,0.554192229,0.870901639,0.071428571,0
0.067128028,0.304347826,0.186851211,0.593895942,0.970923974,0.666666667,1,0.462167689,0.817622951,0.642857143,1
0.551557093,0.565217391,0.462283737,0.032636714,0.261473808,0.555555556,1,0.030674847,0.602459016,0.5,1
0.939792388,0.695652174,0.344636678,0.636155986,0.312404864,0,0.333333333,0.865030675,0.358606557,0.357142857,0
0.593771626,0.869565217,0.394117647,0.364338752,0.838164288,0.111111111,0.111111111,0.022494888,0.694672131,0.928571429,1
0.300346021,0.304347826,0.299653979,0.2951935,0.048408704,0.666666667,0.222222222,0.593047035,0.112704918,0.428571429,1
0.308650519,0.608695652,0.714532872,0.879725685,0.464637054,0,0.777777778,0.490797546,0.698770492,0.428571429,0
0.921107266,0.565217391,0.148788927,0.460032325,0.379265382,0,0.666666667,0.040899796,0.692622951,0.357142857,0
0.171626298,0.739130435,0.255363322,0.09490969,0.315957093,0,0.111111111,0.36196319,0.913934426,0.642857143,1
0.114186851,0.826086957,0.474740484,0.826950836,0.284933557,0.777777778,0.555555556,0.871165644,0.411885246,0.714285714,0
0.680276817,0.260869565,0.062629758,0.047475389,0.089750101,0.333333333,0.888888889,0.464212679,0.375,0.571428571,0
0.939792388,0.086956522,0.747058824,0.726905811,0.314188388,0.333333333,0.333333333,0.556237219,0.243852459,0.857142857,1
0.705190311,0.47826087,0.416955017,0.774085199,0.041215054,0.111111111,0.888888889,0.586912065,0.459016393,0.571428571,1
0.374394464,0.869565217,0.874394464,0.35258154,0.78238447,0,0.111111111,0.605316973,0.409836066,1,0
0.524567474,1,0.404152249,0.824990994,0.397958581,1,0.111111111,0.27198364,0.672131148,0.428571429,1
0.781314879,0.086956522,0.286851211,0.515715763,0.443836284,0.888888889,0.888888889,0.963190184,0.739754098,0.571428571,0
0.055363322,0.826086957,0.570934256,0.463325146,0.895512469,0.666666667,0.666666667,0.576687117,0.774590164,0.857142857,0
0.091349481,0.565217391,0.392733564,0.045236351,0.658932935,0.333333333,0.666666667,0.824130879,0.926229508,0.642857143,0
0.550865052,0.608695652,0.971972318,0.289978417,0.006067255,0.555555556,0,0.310838446,0.725409836,0.142857143,0
0.622145329,0.565217391,0.164013841,0.931263545,0.945311607,0.111111111,0.555555556,0.132924335,0.43852459,0.142857143,1
0.094809689,0.260869565,0.971972318,0.39182152,0.236164053,0.666666667,0.666666667,0.278118609,0.93852459,0,0
0.126643599,0.695652174,0.458477509,0.546771616,0.106061883,0.111111111,0.555555556,0.18609407,0.084016393,0.285714286,0
0.985467128,0.47826087,0.335294118,0.532085805,0.769492114,1,0.555555556,0.891615542,0.764344262,1,0
0.93633218,0.826086957,0.352249135,0.59052295,0.500659545,0.777777778,0.111111111,0.646216769,0.043032787,0.214285714,1
0.542560554,0.130434783,0.394463668,0.061171588,0.433658278,0.777777778,0.555555556,0.860940695,0.31352459,0.071428571,0
0.680276817,0.347826087,0.634948097,0.362159735,0.248577232,0,0.333333333,0.527607362,0.37704918,0.571428571,0
0.047058824,0.217391304,0.055017301,0.723283141,0.547861203,0.777777778,0.888888889,0.955010225,0.506147541,0.142857143,0
0.37716263,0.652173913,0.846712803,0.200466992,0.273568612,0.111111111,0,0.926380368,0.481557377,1,1
0.035986159,0.913043478,0.067820069,0.203486552,0.903536157,0.555555556,0.777777778,0.208588957,0.596311475,0.5,0
0.141176471,0.913043478,0.443598616,0.009906909,0.2141272,0,0.444444444,0.981595092,0.270491803,0.357142857,0
0.08650519,0.869565217,0.227681661,0.437501163,0.88623224,0.444444444,0,0.110429448,0.653688525,0.928571429,0
0.029065744,0.869565217,0.61384083,0.882965032,0.559847829,0.666666667,0.333333333,0.523517382,0.795081967,0.857142857,1
0.076124567,0.043478261,0.369896194,0.051737098,0.830118565,1,0,0.204498978,0.885245902,0.285714286,0
0.525951557,1,0.695155709,0.191020968,0.713965855,0,0.555555556,0.402862986,0.040983607,0,0
0.834602076,0.304347826,0.137370242,0.310043284,0.697743662,0.111111111,0.111111111,0.613496933,0.735655738,0.214285714,0
0.58615917,0.434782609,0.599307958,0.731883686,0.323750398,0.666666667,0.444444444,0.460122699,0.176229508,0.142857143,0
0.065051903,0.52173913,0.547058824,0.640751291,0.232902181,0.555555556,0.666666667,0.879345603,0.30942623,0,1
0.966782007,0.695652174,0.734948097,0.415952914,0.209789882,0.222222222,0.111111111,0.944785276,0.25204918,0.785714286,0
0.622145329,0.304347826,0.750865052,0.759240872,0.858948817,1,0.555555556,0.482617587,0.157786885,1,1
0.248442907,0.869565217,0.025259516,0.609731988,0.822021659,0.111111111,0.555555556,0.051124744,0.704918033,0.285714286,1
0.622145329,0.739130435,0.755363322,0.896277769,0.440491276,1,0.444444444,0.245398773,0.930327869,0.357142857,0
0.193771626,0.739130435,0.207612457,0.818226676,0.130961764,0.333333333,0.444444444,0.811860941,0.100409836,0.071428571,1
0.842906574,0.565217391,0.288927336,0.252745158,0.381912505,0.222222222,0.222222222,0.370143149,0.43852459,1,1
0.842906574,0.608695652,0.528373702,0.271378973,0.62005049,0.666666667,1,0.404907975,0.356557377,0.928571429,1
0.460899654,0.217391304,0.172318339,0.125227509,0.454381961,0.777777778,1,0.615541922,0.729508197,0.142857143,0
0.06366782,0.434782609,0.551903114,0.336936235,0.781606455,0.111111111,0.111111111,0.519427403,0.514344262,0.714285714,0
0.464359862,0.52173913,0.047058824,0.999830034,1,1,0.666666667,0.247443763,0.926229508,0.928571429,0
0.041522491,0,0.725259516,0.405755339,0.189948527,0.666666667,0,0.061349693,0.5,1,1
0.438062284,0.217391304,0.620415225,0.220404638,0.459652796,0.777777778,0.555555556,0.963190184,0.461065574,0.357142857,0
0.743252595,0.347826087,0.335986159,0.762656438,0.430859311,0.555555556,0.555555556,0.642126789,0.213114754,0.214285714,0
0.986851211,0.304347826,0.567820069,0.542540091,0.303809469,0.555555556,0.222222222,0.977505112,0.391393443,0.571428571,0
0.711418685,0.434782609,0.651903114,0.149483994,0.196942699,1,0.111111111,0.580777096,0.643442623,0.285714286,0
0.417301038,0.913043478,0.795847751,0.380681952,0.063954724,0,0.111111111,0.214723926,0.614754098,0.214285714,0
0.471280277,0.782608696,0.701384083,0.414478025,0.889008611,0.333333333,0.888888889,0.45603272,0.069672131,0.071428571,0
0.368858131,1,0.953633218,0.753999146,0.419674943,0,0.444444444,0.556237219,0.901639344,0.357142857,0
0.988235294,0.347826087,0.657093426,0.020492695,0.497061934,0.333333333,0.666666667,0.811860941,0.413934426,0.642857143,1
0.579238754,0.695652174,0.902768166,0.268958894,0.918963012,0.111111111,0.444444444,0.472392638,0.860655738,0.071428571,0
0.44567474,0.47826087,0.969896194,0.517653578,0.77769045,0.444444444,0.666666667,0.856850716,0.543032787,0.785714286,1
0.160553633,0.565217391,0.501038062,0.268785907,0.129050011,1,0.333333333,0.521472393,0.545081967,0.857142857,0
0.361937716,0.608695652,0.188581315,0.628543952,0.565888925,0.888888889,0.777777778,0.901840491,0.344262295,0.428571429,0
0.238754325,0.652173913,0.3183391,0.481907791,0.442177436,1,1,0.047034765,0.075819672,0.142857143,1
0.739792388,0.913043478,0.200346021,0.361693513,0.798703412,0.222222222,1,0.220858896,0.928278689,0.571428571,1
0.37716263,0.913043478,0.474394464,0.949470842,0.725402679,0.777777778,0.666666667,0.388548057,0.280737705,0.714285714,0
0.761937716,0.826086957,0.676470588,0.632271173,0.691426505,0.222222222,1,0.707566462,0.594262295,0.285714286,1
0.758477509,0,0.692733564,0.129814582,0.340020946,0.555555556,0.444444444,0.049079755,0.102459016,0.5,1
0.548788927,0.391304348,0.724913495,0.560169152,0.806490298,0.333333333,0.555555556,0.380368098,0.584016393,0.714285714,1
0.171626298,0.304347826,0.242906574,0.780914072,0.050595179,0.777777778,0.444444444,0.586912065,0.588114754,0.357142857,0
0.03183391,0.739130435,0.798269896,0.708637614,0.158302232,0.555555556,0.666666667,0.235173824,0.284836066,0.928571429,0
0.791695502,0,0.831141869,0.171982452,0.335077655,0.777777778,0.111111111,0.689161554,0.295081967,0.785714286,0
0.147404844,0.043478261,0.561937716,0.972693235,0.075119124,0,0.444444444,0.746421268,0.866803279,0.642857143,0
0.164705882,0,0.220069204,0.448838263,0.234004372,0.555555556,1,0.8200409,0.639344262,0.5,0
0.746712803,0,0.965051903,0.158912023,0.831788755,0,0.222222222,0.073619632,0.37295082,0.857142857,1
0.241522491,0.347826087,0.348788927,0.180092826,0.950410736,0,0.888888889,0.574642127,0.307377049,0.857142857,0
0.073356401,0.52173913,0.221107266,0.098093147,0.303919777,0.777777778,0.555555556,0.278118609,0.407786885,0.714285714,0
0.574394464,0,0.98200692,0.803711146,0.263656239,0.666666667,1,0.462167689,0.258196721,0.785714286,0
0.032525952,0.52173913,0.919723183,0.121899948,0.279100977,0.222222222,0.222222222,0.652351738,0.584016393,0.142857143,1
0.232525952,0.826086957,0.643598616,0.12499618,0.276917816,0.555555556,0.666666667,0.668711656,0.633196721,0.142857143,0
0.725951557,0.913043478,0.987889273,0.850686947,0.034061388,0.888888889,0.333333333,0.824130879,0.514344262,0.285714286,1
0.555709343,0.260869565,0.416608997,0.344579221,0.928981348,0.666666667,0.222222222,0.370143149,0.99795082,0.714285714,0
0.885813149,0.043478261,0.236678201,0.030684067,0.212614211,0.222222222,0.777777778,0.738241309,0.540983607,0.642857143,1
0.004844291,0.217391304,0.640138408,0.051731451,0.419831006,0.555555556,0.333333333,0.173824131,0.381147541,0.142857143,1
0.43183391,0.260869565,0.064359862,0.142049463,0.007702222,0.333333333,0,0.952965235,0.786885246,0.5,0
0.883044983,0.565217391,0.559861592,0.213306183,0.859715621,0.222222222,0.555555556,0.844580777,0.467213115,0.642857143,1
0.496885813,0.739130435,0.583391003,0.66527353,0.73235805,0.888888889,1,0.106339468,0.551229508,0.857142857,0
0.20899654,0.608695652,0.340138408,0.157212493,0.948908631,1,0,0.709611452,0.526639344,0.785714286,0
0.441522491,0.043478261,0.188927336,0.118742346,0.783038962,0.111111111,0.444444444,0.72392638,0.608606557,0.928571429,0
0.038062284,0.391304348,0.958823529,0.764893757,0.313064129,0,0.666666667,0.478527607,0.846311475,0.5,0
0.501730104,0.956521739,0.494809689,0.671185426,0.246940315,0.111111111,0.555555556,0.91206544,0.401639344,0.071428571,1
0.363321799,0.47826087,0.302422145,0.435342433,0.698769367,0.666666667,0.111111111,0.54396728,0.657786885,0.785714286,0
0.32733564,0.695652174,0.213148789,0.549382106,0.363692941,1,0.333333333,0.584867076,0.110655738,0.214285714,0
0.018685121,0.304347826,0.851211073,0.311943668,0.566687484,0,0.111111111,0.883435583,0.649590164,0.642857143,0
0.053287197,0.434782609,0.471972318,0.482541032,0.004257669,0.555555556,0,0.993865031,0.411885246,0.857142857,0
0.857439446,0.086956522,0.429757785,0.506724739,0.060131504,0.666666667,0.222222222,0.202453988,0.551229508,0,0
0.975086505,0.217391304,0.311764706,0.38723265,0.535704216,0.888888889,0.222222222,0.975460123,0.219262295,0.214285714,1
0.251903114,0.347826087,0.055709343,0.906814181,0.566543481,0.777777778,0.666666667,0.175869121,0.233606557,0.785714286,0
0.460207612,0.217391304,0.682698962,0.015881002,0.752743257,0.555555556,0,0.82208589,0.18442623,0.857142857,0
0.363321799,0.347826087,0.092733564,0.782354165,0.13052053,0.222222222,0.888888889,0.807770961,0.278688525,0.857142857,0
0.483044983,0.260869565,0.21799308,0.124253402,0.51342141,0.777777778,0.555555556,0.028629857,0.860655738,0.714285714,0
0.923875433,0.347826087,0.312802768,0.797737564,0.193278721,0.666666667,0.333333333,0.846625767,0.616803279,0.857142857,0
0.610380623,0.739130435,0.696539792,0.616015874,0.09158016,0.222222222,0.222222222,0.871165644,0.112704918,0.214285714,1
0.712802768,0.47826087,0.567474048,0.843490008,0.410280746,0.888888889,0.222222222,0.204498978,0.098360656,0.642857143,0
0.710034602,0.304347826,0.070242215,0.097372138,0.162030366,0.111111111,0.111111111,0.335378323,0.141393443,0.571428571,0
0.635294118,0.304347826,0.200692042,0.559057561,0.220733739,0.222222222,0.111111111,0.944785276,0.81352459,1,0
0.5183391,0.739130435,0.546020761,0.501137318,0.316929186,0.111111111,1,0.057259714,0.819672131,0.142857143,0
0.250519031,0.826086957,0.290311419,0.706340009,0.258506198,0,0.444444444,0.231083845,0.163934426,1,1
0.897577855,0.608695652,0.634948097,0.534355755,0.085950592,0.333333333,0.888888889,0.216768916,0.758196721,0.071428571,0
0.557093426,0.260869565,0.432525952,0.54080283,0.088285805,0.444444444,0.111111111,0.836400818,0.211065574,0.571428571,0
0.510726644,0.434782609,0.594463668,0.429611436,0.192075202,0.555555556,0.111111111,0.742331288,0.176229508,0.571428571,1
0.7183391,0.826086957,0.567820069,0.308792576,0.048754982,0.444444444,0.555555556,0.263803681,0,0,0
0.84083045,0.652173913,0.914186851,0.482304861,0.627195462,0,1,0.169734151,0.733606557,0.357142857,0
0.334948097,0.130434783,0.794463668,0.118360132,0.286567864,0.222222222,0.111111111,0.552147239,0.168032787,0.642857143,0
0.018685121,0.217391304,0.302076125,0.961781396,0.278953645,0,0.333333333,0.496932515,0.983606557,0.5,0
0.493425606,0.913043478,0.506228374,0.714561492,0.331436671,0.444444444,0.555555556,0.791411043,0.084016393,0.142857143,1
0.734948097,0.086956522,0.775778547,0.952730879,0.663695158,0.444444444,0.444444444,0.435582822,0.31147541,0.714285714,0
0.896885813,0.347826087,0.238062284,0.226646548,0.87245039,0.555555556,0,0.623721881,0.665983607,0.571428571,1
0.867820069,0.391304348,0.695155709,0.879570061,0.76041095,0.777777778,0.555555556,0.337423313,0.860655738,0.071428571,0
0.058823529,0.565217391,0.929065744,0.808985526,0.728713917,1,0,0.568507157,0.18852459,0.357142857,1
0.08650519,0.434782609,0.491695502,0.677285449,0.484502393,0,0.222222222,0.118609407,0.606557377,0,0
0.561245675,0.739130435,0.692041522,0.625137474,0.69484135,0.333333333,1,0.18200409,0.268442623,0.857142857,0
0.370934256,0.913043478,0.23183391,0.316511481,0.553175441,1,0.444444444,0.756646217,0.805327869,0.428571429,0
0.099653979,0.47826087,0.404844291,0.816609945,0.215177867,0,1,0.674846626,0.129098361,0.142857143,0
0.85467128,0.956521739,0.516955017,0.501565102,0.207481877,0.888888889,0.444444444,0.840490798,0.590163934,0.428571429,0
0.016608997,0.47826087,0.325951557,0.070736748,0.295673178,0.666666667,1,0.394683027,0.766393443,0.214285714,1
0.980622837,0.52173913,0.776816609,0.312823226,0.912796529,0.666666667,0.555555556,0.249488753,0.522540984,0.571428571,1
0.04567474,0.52173913,0.501038062,0.935552708,0.547804304,0.444444444,1,0.27607362,0.952868852,0.285714286,0
0.160553633,0.782608696,0.878200692,0.850895692,0.735118215,0.666666667,0.777777778,0.842535787,0.786885246,0.142857143,0
0.074740484,0.782608696,0.309342561,0.982183438,0.346061423,0.111111111,0.444444444,0.282208589,0.432377049,1,1
0.80899654,0.956521739,0.757093426,0.628103078,0.407488448,0.333333333,0,0.466257669,0.299180328,0.5,0
0.076124567,0.565217391,0.461937716,0.247439107,0.124092534,0.666666667,0.444444444,0.558282209,0.120901639,0.357142857,1
0.157093426,0.130434783,0.056401384,0.162703869,0.170023813,0.222222222,0.222222222,0.895705521,0.961065574,0.071428571,0
0.076124567,0.52173913,0.816608997,0.186814702,0.828981989,0.111111111,0.333333333,0.100204499,0.301229508,0.142857143,0
0.02283737,0.304347826,0.715224913,0.019616569,0.585393325,1,0.777777778,0.811860941,0.176229508,0.5,0
0.430449827,0.956521739,0.38200692,0.390679126,0.336995277,0.111111111,0.666666667,0.239263804,0.659836066,1,0
0.963321799,0.869565217,0.606228374,0.191330085,0.80436845,0,0.444444444,0.411042945,0.780737705,0.642857143,0
0.516955017,0.956521739,0.81349481,0.411662434,0.245580887,0.444444444,0.111111111,0.985685072,0.807377049,0.428571429,1
0.411072664,0.782608696,0.670242215,0.935249898,0.978314554,0.555555556,0.555555556,0.801635992,0.56557377,0.642857143,1
0.293425606,0.47826087,0.127681661,0.43055615,0.344312583,0.555555556,0.555555556,0.985685072,0.823770492,0.357142857,0
0.423529412,0.739130435,0.65017301,0.878212893,0.336772787,0.888888889,1,0.805725971,0.163934426,0.928571429,0
0.478200692,0.217391304,0.294463668,0.605603784,0.311261599,0.333333333,1,0.388548057,0.260245902,0,0
0.903114187,0.739130435,0.132179931,0.247060409,0.120623221,0,0.555555556,0.742331288,0.581967213,0.571428571,1
0.929411765,0.782608696,0.667820069,0.355835237,0.1096004,0.555555556,0.888888889,0.938650307,0.778688525,0.142857143,0
0.217301038,0.913043478,0.861937716,0.083770894,0.648939055,0.444444444,0.777777778,0.658486708,0.719262295,0.928571429,0
0.606228374,0.173913043,0.146366782,0.33343244,0.876954351,1,0.777777778,0.36809816,0.569672131,0.285714286,0
0.968858131,1,0.76366782,0.677674167,0.79198331,0.555555556,0,0.862985685,0.549180328,0.428571429,0
0.907958478,0.347826087,0.216955017,0.071956844,0.139703169,0.222222222,0.444444444,0.157464213,0.594262295,1,1
0.457439446,0.086956522,0.30899654,0.205310448,0.545963493,0.111111111,0.666666667,0.897750511,0.924180328,0.428571429,0
0.19100346,0.391304348,0.877508651,0.381433669,0.104030314,0.555555556,0.555555556,0.840490798,0.411885246,0.142857143,0
0.431141869,0.782608696,0.821107266,0.982327345,0.043467194,0,0.444444444,0.151329243,0.045081967,1,0
0.356401384,0.086956522,0.206228374,0.785046003,0.657256441,0.666666667,0.777777778,0.601226994,0.905737705,0.214285714,0
0.95017301,0.913043478,0.807958478,0.733646532,0.535487657,0.666666667,0.222222222,0.572597137,0.715163934,0.642857143,0
0.582698962,0.608695652,0.20449827,0.116057637,0.080358399,1,0.555555556,0.040899796,0.633196721,0.428571429,0
0.241522491,0,0.583391003,0.781178238,0.033066077,0.666666667,0.444444444,0.803680982,0.94057377,0.5,0
0.568858131,0.260869565,0.197577855,0.785453184,0.99209886,1,0.777777778,0.347648262,0.422131148,0.071428571,0
0.802768166,0.47826087,0.717647059,0.601199623,0.02812645,0,0.333333333,0.028629857,0.569672131,0.571428571,0
0.524567474,0.695652174,0.72283737,0.990643537,0.444463461,0.333333333,0.777777778,0.429447853,0.415983607,0.428571429,0
0.621453287,0.869565217,0.589273356,0.325219854,0.50481954,0.666666667,1,0.096114519,0.307377049,0.857142857,1
0.167474048,1,0.85432526,0.941530895,0.115770522,0.888888889,0.111111111,0.173824131,0.893442623,0.5,0
0.375086505,0.826086957,0.060553633,0.914976959,0.167780774,0.444444444,0.888888889,0.302658487,0.049180328,0.357142857,0
0.735640138,0.173913043,0.182352941,0.011297622,0.351330832,0.111111111,0.888888889,0.382413088,0.393442623,0.357142857,0
0.157785467,0.130434783,0.564705882,0.450141762,0.763011324,0.666666667,1,0.758691207,0.68442623,0.571428571,0
0.378546713,0.47826087,0.333564014,0.977379693,0.507293815,1,1,0.979550102,0.860655738,0.214285714,0
0.635986159,0.826086957,0.524567474,0.102981838,0.638690847,0,0.555555556,0.623721881,0.483606557,0.714285714,1
0.862283737,1,0.067820069,0.547856305,0.987496772,0.666666667,0.333333333,0.306748466,0.653688525,0.714285714,0
0.003460208,0.739130435,0.919031142,0.979233847,0.769368829,0.555555556,0.333333333,0.286298569,0.149590164,0.285714286,0
0.930795848,0.695652174,0.999307958,0.555570696,0.434251819,0.666666667,0.555555556,0.139059305,0.887295082,0.571428571,1
0.323183391,0.782608696,0.294463668,0.189716942,0.446385579,1,0.444444444,0.529652352,0.329918033,0,0
0.051211073,0.347826087,0.531487889,0.582271174,0.61947659,0.222222222,0.555555556,0.971370143,0.608606557,0.214285714,1
0.002076125,0.130434783,0.715570934,0.204349158,0.666275435,0.222222222,0.666666667,0.680981595,0.055327869,0.428571429,0
0.446366782,0.869565217,0.373356401,0.51976254,0.500894186,0.666666667,0.666666667,0.930470348,0.334016393,0.714285714,1
0.080968858,0.043478261,0.999307958,0.073888886,0.645680922,0.111111111,0.888888889,0.016359918,0.68647541,1,1
0.60899654,0.130434783,0.033217993,0.605581676,0.021608963,0,0.777777778,0.245398773,0.37704918,0.571428571,1
0.348096886,0.043478261,0.658131488,0.516846833,0.429492263,0.888888889,0.555555556,0.756646217,0.106557377,1,1
0.65467128,0.608695652,0.14982699,0.740324324,0.278142187,0.888888889,0.555555556,0.854805726,0.600409836,0.928571429,1
0.396539792,0.043478261,0.219723183,0.630811452,0.127717334,0.666666667,0.444444444,0.204498978,0.081967213,0.857142857,1
0.133564014,0.130434783,0.202768166,0.549678744,0.097958591,0.666666667,0,0.302658487,0.840163934,0.714285714,0
0.585467128,0.217391304,0.1183391,0.689917882,0.603827891,0.222222222,0.888888889,0.901840491,0.579918033,0.785714286,0
0.494117647,0.260869565,0.455363322,0.143821771,0.523884868,1,0.888888889,0.296523517,0.870901639,0.857142857,0
0.979238754,0.391304348,0.684429066,0.595453861,0.252676287,0.111111111,0.888888889,0.719836401,0.788934426,0.642857143,1
0.725951557,0.782608696,0.196885813,0.172003835,0.471001922,0.666666667,0.777777778,0.930470348,0.278688525,0.357142857,1
0.119031142,0.782608696,0.210726644,0.925773176,0.492378142,0.888888889,1,0.494887526,0.379098361,0.785714286,1
0.915570934,0.913043478,0.597231834,0.068178062,0.193842535,0,0.222222222,0.490797546,1,0.5,1
0.224913495,0.47826087,0.792041522,0.430390612,0.65294469,0.333333333,0,0.687116564,0.81147541,0.857142857,0
0.991695502,0.086956522,0.641176471,0.695939368,0.782339766,0.555555556,0.777777778,0.085889571,0.413934426,0.571428571,0
0.789619377,0.52173913,0.902076125,0.458051201,0.792930504,0.666666667,0.666666667,0.192229039,0.879098361,0.642857143,0
0.577854671,0.739130435,0.331487889,0.091950493,0.603102367,1,0.444444444,0.460122699,0.081967213,0.214285714,0
0.500346021,0.304347826,0.719031142,0.553453283,0.51187009,0.666666667,1,0.010224949,0.713114754,0,0
0.155017301,0.869565217,0.843252595,0.64174808,0.059249066,1,0.666666667,0.435582822,0.848360656,0.928571429,1
0.367474048,0.608695652,0.803806228,0.703937997,0.287074674,0.111111111,1,0.419222904,0.586065574,0.5,1
0.077508651,0,0.183391003,0.373248557,0.09165582,0.333333333,0.333333333,0.134969325,0.868852459,0.071428571,0
